x_m,rho_exact,rhoP_exact,U_exact,Us_exact,p_exact,rho_numerical,rhoP_numerical,U_numerical,Us_numerical,p_numerical
1.005,0.9909708380796743,0.9884440845943395,-0.008576922839433733,-0.0038510483159660365,0.9873591733115441,0.99099649408507,0.9879999999999999,-0.0085379329224494,-0.0038336049355003,0.98742532095976
1.015,0.9911765484764714,0.9889834321470541,-0.008372997223680593,-0.0033421083536356215,0.98764716786706,0.99119879857946,0.989,-0.0083340046698236,-0.0033279744950537,0.98770776020973
1.025,0.9914170810053803,0.989566257060093,-0.008136027213144156,-0.002819978616497483,0.9879839134075323,0.99143984954186,0.99800000000001,-0.0080930249137719,-0.0028048715368361,0.98804410802357
1.035,0.9916914863943982,0.9901902591897921,-0.007866948020194704,-0.0022867197120857033,0.9883680809521574,0.9917190363245,0.99199999999999,-0.0078198228477984,-0.0022710761429142,0.98843348769705
1.045,0.9919986816908186,0.9908529758848247,-0.0075668215774762244,-0.0017444361696731928,0.988798154367146,0.99202967504974,0.992,-0.0075108355067136,-0.0017309596887847,0.98886647026889
1.055,0.9923374545351507,0.9915517917051622,-0.007236832346943388,-0.0011952681346560517,0.989272436349211,0.99237357631065,0.992,-0.0071743893843856,-0.0011846980167129,0.98934562941127
1.065,0.9927064679457486,0.9922839487440202,-0.006878282645331382,-0.0006413829223774997,0.9897890551240479,0.99274624533286,0.99200000000001,-0.0068102166483025,-0.00063440897295309,0.98986477439702
1.075,0.9931042655952667,0.9930465575120568,-0.00649258750450668,-8.49664647243004e-05,0.9903459718333734,0.99314579024293,0.99399999999999,-0.0064198400774272,-8.224773300144e-05,0.9904213176272
1.085,0.9935292775581189,0.9938366083408678,-0.006081269086982778,0.0004717853167476721,0.9909409885813665,0.9935721781917,0.9930000000000001,-0.00600687284831,0.00047023329950132,0.99101524482475
1.095,0.9939798265062574,0.9946509832607716,-0.005645950678640122,0.0010266751771126582,0.9915717571087603,0.99402218484072,0.995,-0.0055698253802808,0.0010202267754962,0.99164208831344
1.105,0.99445413432882,0.9954864683060118,-0.005188350282358389,0.0015775132195968464,0.992235788060348,0.9944959839471,0.99500000000001,-0.0051125097240287,0.0015665040654035,0.99230213900985
1.115,0.9949503291495218,0.9963397661988117,-0.004710273837843956,0.0021221255381005293,0.9929304608093305,0.99499082658183,0.99699999999999,-0.0046352719736789,0.0021065248642265,0.99299160557269
1.125,0.9954664527140952,0.9972075093622231,-0.004213608094410981,0.0026583627966122584,0.9936530337997332,0.99550511028455,0.99600000000002,-0.0041406630978789,0.0026386412624762,0.99370828749191
1.135,0.9960004681186253,0.9980862732104143,-0.0037003131648437964,0.0031841087116561972,0.9944006553660754,0.99603656880128,0.9990000000000001,-0.0036302424481975,0.0031597163048669,0.99444906279854
1.145,0.9965502678482789,0.9989725896639453,-0.0031724147897272455,0.0036972884042961347,0.9951703749875904,0.99658343821067,0.998,-0.0031064843770559,0.0036694122232688,0.99521151204446
1.155,0.9971136820947026,0.9998629608366936,-0.0026319963427741035,0.004195876588734708,0.9959591549325837,0.99714290994351,1.0,-0.0025707964589357,0.0041640471801943,0.99599175349803
1.165,0.9976884873192654,1.0007538728404122,-0.0020811906087007744,0.004677905565191226,0.9967638822469715,0.99771379326033,0.99999999999999,-0.0020259892024193,0.0046433700128703,0.99678815823533
1.175,0.9982724150283493,1.0016418096524413,-0.0015221713661004587,0.0051414729855136935,0.997581381039689,0.99829299279156,1.002,-0.0014735489661057,0.0051038587927925,0.99759642449634
1.185,0.9988631607260579,1.002523266991844,-0.0009571448085320847,0.005584749360877919,0.998408425016481,0.99887875995124,1.002,-0.00091603056606255,0.005545350478415,0.99841414099062
1.195,0.9994583930090081,1.0033947661492006,-0.0003883408376823107,0.006005985281944041,0.9992417502126113,0.99946880051034,1.002,-0.0003550505486119,0.0059648820639292,0.99923814436758
1.205,1.0000557627673152,1.0042528677154876,0.00018199573703775018,0.006403518322976008,1.0000780678742411,1.0000610071519,1.004,0.00020740232014848,0.0063613457537347,1.0000655423484
1.215,1.0006529124554553,1.0050941851558521,0.0007516140577296586,0.00677577960267643,1.0009140774376373,1.0006547804273,1.005,0.00077069255448943,0.0067331151578308,1.0008955475532
1.225,1.0012474853964208,1.0059153981747182,0.001318266101115516,0.007121299975844337,1.0017464795549893,1.0012479983683,1.006,0.0013336019401681,0.0070787665468215,1.0017252205128
1.235,1.0018371350824486,1.006713265819477,0.0018797155504587568,0.007438715831420073,1.0025719891154283,1.0018337559804,1.006,0.0018883245899462,0.0073966358000115,1.0025448881651
1.245,1.0024195344356135,1.0074846392710457,0.002433746621284693,0.007726774474035199,1.0033873482098588,1.0024099455949,1.008,0.0024328528436038,0.0076856316614652,1.0033515700146
1.255,1.0029923849917408,1.0082264742708182,0.0029781728060694636,0.007984339067828772,1.004189338988437,1.0029783376054,1.0070000000000001,0.0029697515095402,0.0079450698954323,1.0041477136815
1.265,1.0035534259713965,1.0089358431349622,0.003510845503386434,0.008210393123019182,1.0049747963599551,1.0035365687064,1.009,0.0034968009072714,0.0081727978645962,1.0049299716041
1.275,1.004100443202149,1.009609946308651,0.004029662497454271,0.00840404450752485,1.0057406204830084,1.0040791946726,1.009,0.0040081223071212,0.008368957283007,1.0056906649437
1.285,1.0046312778568969,1.0102461234146263,0.004532576254622335,0.008564528967802042,1.0064837889996556,1.004603800315,1.01,0.0045012990004167,0.0085322500254739,1.0064263724565
1.295,1.0051438349737731,1.0108418637524927,0.005017602004050537,0.008691213145004418,1.0072013689632824,1.0051120189584,1.011,0.0049788131690589,0.0086625043504256,1.0071394857668
1.305,1.0056360917240026,1.0113948162073043,0.005482825570693044,0.008783597074561054,1.0078905284136037,1.0056030704303,1.011,0.0054404369698952,0.0087587051588398,1.0078290538428
1.315,1.0061061053950828,1.0119027985283422,0.005926410929672763,0.008841316159308192,1.008548547553116,1.0060723804463,1.012,0.0058813350688551,0.0088205184334482,1.0084885834435
1.325,1.006552021057783,1.01236380594146,0.006346607452232675,0.008864142608387679,1.0091728294808961,1.0065148343673,1.012,0.0062957167391502,0.0088475626558998,1.0091107751104
1.335,1.0069720788867016,1.0127760190610124,0.006741756814667775,0.008851986336233408,1.0097609104413823,1.0069300378835,1.012,0.0066834986028739,0.0088400662315392,1.0096950028243
1.345,1.0073646211054943,1.013137811070139,0.007110299542971084,0.008804895318097902,1.010310469547692,1.0073204674677,1.0130000000000001,0.0070481121366039,0.0087978865922365,1.010244712777
1.355,1.007728098529359,1.0134477541410667,0.0074507811673651565,0.0087230554007159,1.0108193379411026,1.0076872057634,1.0130000000000001,0.007391388154836,0.0087210390328687,1.0107614017616
1.365,1.0080610766789606,1.013704625070094,0.007761857962429767,0.008606789568852212,1.011285507350545,1.0080263010249,1.014,0.0077089933433347,0.0086094599623666,1.0112394840819
1.375,1.0083622414416662,1.0139074101050174,0.008042302250172264,0.008456556670628392,1.0117071380183327,1.0083294012788,1.014,0.0079913345996642,0.0084635966117035,1.0116671801544
1.385,1.008630404257746,1.0140553089459476,0.008291007245111743,0.008272949606658845,1.0120825659608446,1.0085904620142,1.014,0.0082315084599764,0.0082842569721523,1.0120359452691
1.395,1.0088645068110773,1.014147737903728,0.008506991422255668,0.008056692990142979,1.0124103095355081,1.0088153315565,1.014,0.0084365009849536,0.0080728826699858,1.0123539420314
1.405,1.0090636252058331,1.014184332203489,0.008689402390730643,0.007808640287147926,1.0126890752881663,1.0090206631816,1.014,0.0086259467042747,0.0078298201940533,1.0126445343907
1.415,1.009226973612678,1.0141649474242478,0.008837520257779743,0.00752977044836791,1.0129177630577493,1.0092094757504,1.014,0.0088043189983056,0.0075550477096628,1.0129119562513
1.425,1.009353907370077,1.0140896600688718,0.008950760469850345,0.007221184045653075,1.0130954703181079,1.0093560101634,1.0150000000000001,0.0089421577887422,0.0072485010176049,1.0131199465599
1.435,1.00944392552848,1.0139587672621577,0.00902867611955993,0.006884098928555236,1.013221495739872,1.0094372392474,1.014,0.0090091817156918,0.0069127287836436,1.0132360925754
1.445,1.0094966728273413,1.0137727855782137,0.009070959709435375,0.006519845418032028,1.0132953419582778,1.0094595619601,1.0130000000000001,0.0090215706734846,0.0065507638294823,1.0132689289023
1.455,1.0095119410971702,1.0135324490017799,0.009077444365464971,0.006129861056277887,1.0133167175360382,1.0094617675121,1.0130000000000001,0.0090090020803472,0.0061645607550015,1.0132735982341
1.465,1.0094896700810811,1.013238706031524,0.009048104495673932,0.005715684933401738,1.0132855381135135,1.0094426553732,1.0130000000000001,0.0089848146737283,0.0057544759445081,1.0132486229339
1.475,1.0094299476725999,1.0128927159367511,0.00898305589112421,0.005278951613341526,1.0132019267416397,1.0093923388613,1.014,0.0089313229107644,0.0053210481245492,1.0131793298497
1.485,1.009333009568788,1.0124958441822973,0.008882555268940082,0.004821384682987039,1.0130662133963033,1.0093084289397,1.012,0.0088468127233557,0.0048657915254029,1.0130624711382
1.495,1.0091992383400548,1.0120496570396644,0.008746999259162943,0.004344789949969942,1.0128789336760768,1.0091901821049,1.012,0.008729824335814,0.0043910319900685,1.0128971061777
1.505,1.0090291619203255,1.0115559154056604,0.008576922839433732,0.0038510483159660304,1.012640826688456,1.0090362137257,1.012,0.0085787460132575,0.0038977083654534,1.0126813056434
1.515,1.0088234515235286,1.011016567852946,0.008372997223680593,0.0033421083536356224,1.01235283213294,1.0088449015606,1.01,0.0083927394737849,0.0033885770751879,1.0124128198441
1.525,1.0085829189946198,1.010433742939907,0.008136027213144157,0.002819978616497484,1.0120160865924677,1.00861467016,1.014,0.0081698012670692,0.002865103194976,1.0120894568101
1.535,1.0083085136056018,1.009809740810208,0.007866948020194709,0.002286719712085712,1.0116319190478427,1.0083453443365,1.017,0.0079109531007161,0.0023254352945962,1.0117110410228
1.545,1.0080013183091814,1.0091470241151752,0.00756682157747622,0.0017444361696731863,1.011201845632854,1.0080424425485,1.009,0.0076157779470323,0.001776897912047,1.011285155831
1.555,1.0076625454648493,1.0084482082948378,0.00723683234694339,0.001195268134656053,1.010727563650789,1.0077038853751,1.01,0.0072913242900068,0.0012238659716228,1.0108089046996
1.565,1.0072935320542515,1.00771605125598,0.006878282645331382,0.0006413829223775006,1.010210944875952,1.0073365390162,1.0070000000000001,0.0069353080296755,0.00066673311047167,1.010292013458
1.575,1.0068957344047333,1.0069534424879432,0.006492587504506687,8.496646472430994e-05,1.0096540281666266,1.0069399717518,1.0070000000000001,0.006552412682254,0.00010638115057608,1.0097339439747
1.585,1.006470722441881,1.0061633916591322,0.006081269086982773,-0.00047178531674767904,1.0090590114186335,1.006515897661,1.006,0.0061440439158455,-0.00045397040096713,1.0091371436417
1.595,1.0060201734937426,1.0053490167392283,0.005645950678640123,-0.0010266751771126578,1.0084282428912397,1.0060667045753,1.004,0.0057103590740061,-0.0010123423547042,1.0085049972988
1.605,1.00554586567118,1.0045135316939882,0.005188350282358391,-0.001577513219596845,1.007764211939652,1.0055922440686,1.005,0.0052542705710845,-0.0015674622039153,1.0078373469099
1.615,1.0050496708504784,1.0036602338011882,0.004710273837843964,-0.00212212553810052,1.0070695391906697,1.0050957034923,1.003,0.0047759292036724,-0.0021160609455221,1.007138719538
1.625,1.004533547285905,1.0027924906377768,0.004213608094410975,-0.002658362796612265,1.0063469662002669,1.0045782279735,1.002,0.0042779212951757,-0.0026561615893732,1.0064107731938
1.635,1.0039995318813748,1.0019137267895857,0.0037003131648437907,-0.003184108711656203,1.0055993446339246,1.0040420199242,1.0010000000000001,0.0037623766519408,-0.0031856327323223,1.0056566430279
1.645,1.003449732151721,1.0010274103360548,0.003172414789727247,-0.0036972884042961334,1.0048296250124096,1.0034897605977,1.0010000000000001,0.0032307020850282,-0.0037029533363383,1.0048801432451
1.655,1.0028863179052974,1.0001370391633064,0.002631996342774104,-0.004195876588734708,1.0040408450674163,1.0029226516851,1.0,0.0026861837964645,-0.0042051109600969,1.0040830055732
1.665,1.0023115126807347,0.9992461271595878,0.0020811906087007835,-0.004677905565191219,1.0032361177530285,1.0023440837718,0.9989999999999899,0.0021299400486032,-0.0046908212005745,1.0032700229137
1.675,1.0017275849716507,0.9983581903475586,0.0015221713661004513,-0.0051414729855136995,1.002418618960311,1.0017558000613,0.9969999999999999,0.0015648798343712,-0.0051570591469925,1.0024436749937
1.685,1.0011368392739421,0.9974767330081561,0.0009571448085320855,-0.005584749360877918,1.0015915749835191,1.0011603045563,0.998,0.00099314481793007,-0.0056034098069219,1.0016075092911
1.695,1.0005416069909918,0.9966052338507992,0.000388340837682312,-0.0060059852819440394,1.0007582497873886,1.0005598524394,0.99600000000001,0.0004169649805641,-0.0060268578542492,1.0007647398183
1.705,0.9999442372326849,0.9957471322845123,-0.00018199573703774107,-0.006403518322976002,0.9999219321257589,0.99995682839551,0.99499999999999,-0.00016150709883999,-0.0064265151115024,0.99991877191387
1.715,0.9993470875445448,0.9949058148441479,-0.0007516140577296651,-0.006775779602676433,0.9990859225623627,0.99935156003547,0.995,-0.00074237934871208,-0.0068005528365282,0.99907012057474
1.725,0.9987525146035792,0.9940846018252818,-0.001318266101115515,-0.007121299975844337,0.9982535204450108,0.99874683149845,0.99300000000001,-0.001322846098554,-0.0071468335071413,0.99822270844993
1.735,0.9981628649175512,0.9932867341805229,-0.0018797155504587555,-0.007438715831420073,0.9974280108845718,0.9981502297282,0.9930000000000001,-0.0018944035017258,-0.0074643896710108,0.99738714118734
1.745,0.9975804655643866,0.9925153607289542,-0.0024337466212846844,-0.007726774474035194,0.9966126517901412,0.99756261666859,0.99199999999999,-0.0024565496743804,-0.0077522357689139,0.99656458809139
1.755,0.9970076150082592,0.9917735257291819,-0.00297817280606947,-0.007984339067828774,0.9958106610115629,0.99698303307027,0.992,-0.003010963473337,-0.0080091378178668,0.99575367106245
1.765,0.9964465740286036,0.9910641568650378,-0.0035108455033864326,-0.008210393123019182,0.995025203640045,0.99641512064417,0.9900000000000001,-0.0035539788537362,-0.0082335716791072,0.99495944831443
1.775,0.9958995567978511,0.990390053691349,-0.00402966249745427,-0.00840404450752485,0.9942593795169915,0.99586440682129,0.99000000000001,-0.004079482627429,-0.0084252827619933,0.9941895744338
1.785,0.9953687221431032,0.9897538765853736,-0.004532576254622334,-0.00856452896780204,0.9935162110003445,0.99533189581181,0.98899999999999,-0.0045866883226602,-0.008583485307697,0.99344545453585
1.795,0.9948561650262269,0.9891581362475073,-0.005017602004050535,-0.00869121314500442,0.9927986310367176,0.99481616447118,0.989,-0.0050775436508206,-0.0087076832198564,0.9927252698534
1.805,0.9943639082759974,0.9886051837926957,-0.005482825570693043,-0.008783597074561054,0.9921094715863963,0.99431856596031,0.98900000000001,-0.0055508450390875,-0.0087971151683004,0.992030973572
1.815,0.9938938946049172,0.9880972014716578,-0.005926410929672762,-0.008841316159308192,0.9914514524468839,0.99384527339129,0.987,-0.0059997881374378,-0.0088513922821103,0.99137106707316
1.825,0.993447978942217,0.9876361940585401,-0.006346607452232673,-0.008864142608387679,0.9908271705191039,0.99340045008223,0.98799999999999,-0.0064200303643565,-0.0088706276589783,0.99075124659231
1.835,0.9930279211132984,0.9872239809389876,-0.006741756814667774,-0.008851986336233408,0.9902390895586177,0.99298291327282,0.986,-0.0068133408372278,-0.0088549082195115,0.99016980220881
1.845,0.9926353788945057,0.986862188929861,-0.0071102995429710835,-0.008804895318097902,0.9896895304523079,0.9925899711592,0.987,-0.0071832690367395,-0.0088042841804335,0.98962294903783
1.855,0.992271901470641,0.9865522458589333,-0.0074507811673651565,-0.008723055400715902,0.9891806620588974,0.99222272280797,0.9860000000000099,-0.0075288889042226,-0.0087187603580041,0.98911219079271
1.865,0.9919389233210393,0.9862953749299059,-0.007761857962429767,-0.008606789568852212,0.988714492649455,0.99188696417845,0.98599999999999,-0.0078437607076017,-0.0085984255853401,0.98864556876884
1.875,0.9916377585583339,0.9860925898949825,-0.008042302250172263,-0.008456556670628392,0.9882928619816674,0.99159053654266,0.9860000000000201,-0.0081187936081136,-0.0084441348228869,0.98823396432076
1.885,0.9913695957422539,0.9859446910540524,-0.008291007245111743,-0.008272949606658845,0.9879174340391556,0.99133658581769,0.9850000000000001,-0.008350304454366,-0.0082570086561461,0.98788171210563
1.895,0.9911354931889227,0.9858522620962721,-0.008506991422255666,-0.008056692990142979,0.9875896904644919,0.99111372843956,0.9860000000000099,-0.0085520682126365,-0.0080381551487975,0.98757290557336
1.905,0.9909363747941669,0.9858156677965111,-0.008689402390730643,-0.007808640287147927,0.9873109247118337,0.99090665648467,0.9850000000000001,-0.008742792867859,-0.0077879138559709,0.98728619229903
1.915,0.990773026387322,0.9858350525757523,-0.008837520257779742,-0.007529770448367911,0.9870822369422507,0.99072518183539,0.98599999999999,-0.0089109940002939,-0.0075058443346957,0.98703518173642
1.925,0.990646092629923,0.9859103399311281,-0.008950760469850343,-0.007221184045653075,0.9869045296818922,0.99059848315206,0.986,-0.0090230833963965,-0.0071931696359185,0.98686044807624
1.935,0.99055607447152,0.9860412327378424,-0.00902867611955993,-0.006884098928555236,0.986778504260128,0.99053895253888,0.9850000000000001,-0.009064881883381,-0.0068533165295421,0.98677924043815
1.945,0.9905033271726588,0.9862272144217862,-0.009070959709435373,-0.006519845418032029,0.9867046580417222,0.99052236434088,0.98700000000001,-0.0090616276913043,-0.0064881596833559,0.98675742372116
1.955,0.9904880589028299,0.98646755099822,-0.009077444365464971,-0.006129861056277889,0.9866832824639618,0.99052451864269,0.98599999999999,-0.00904368611328,-0.0060993787551351,0.98676197177065
1.965,0.990510329918919,0.986761293968476,-0.009048104495673932,-0.00571568493340174,0.9867144618864865,0.99054993781417,0.987,-0.0090068706843483,-0.0056871892808102,0.98679924099314
1.975,0.9905700523274003,0.987107284063249,-0.008983055891124211,-0.0052789516133415265,0.9867980732583603,0.99060868527612,0.98700000000001,-0.0089389783943479,-0.005252702800094,0.98688236639264
1.985,0.990666990431212,0.9875041558177027,-0.008882555268940082,-0.00482138468298704,0.9869337866036967,0.99070218572497,0.987,-0.0088391268435847,-0.00479791169468,0.987013696391
1.995,0.9908007616599451,0.9879503429603357,-0.008746999259162943,-0.004344789949969943,0.9871210663239233,0.9908311816152,0.98799999999999,-0.0087059656047865,-0.0043241799524783,0.98719429412322
2.005,0.9909708380796743,0.9884440845943396,-0.008576922839433732,-0.0038510483159660313,0.9873591733115441,0.99099649408507,0.98800000000002,-0.0085379329224498,-0.0038336049355004,0.98742532095976
2.015,0.9911765484764714,0.9889834321470541,-0.00837299722368059,-0.0033421083536356094,0.98764716786706,0.99119879857946,0.9889999999999801,-0.0083340046698234,-0.0033279744950536,0.98770776020973
2.025,0.9914170810053803,0.989566257060093,-0.008136027213144159,-0.002819978616497485,0.9879839134075323,0.99143984954186,0.9980000000000199,-0.0080930249137722,-0.0028048715368362,0.98804410802357
2.035,0.9916914863943982,0.9901902591897921,-0.007866948020194702,-0.0022867197120856986,0.9883680809521574,0.9917190363245,0.9919999999999801,-0.0078198228477977,-0.0022710761429141,0.98843348769705
2.045,0.9919986816908186,0.9908529758848248,-0.007566821577476221,-0.0017444361696731872,0.988798154367146,0.99202967504974,0.9920000000000199,-0.0075108355067138,-0.0017309596887848,0.98886647026889
2.055,0.9923374545351507,0.9915517917051622,-0.007236832346943381,-0.0011952681346560387,0.989272436349211,0.99237357631064,0.99199999999999,-0.0071743893843848,-0.0011846980167129,0.98934562941127
2.065,0.9927064679457486,0.99228394874402,-0.006878282645331385,-0.0006413829223775019,0.9897890551240479,0.99274624533286,0.9920000000000199,-0.0068102166483027,-0.00063440897295313,0.98986477439702
2.075,0.9931042655952667,0.9930465575120568,-0.006492587504506675,-8.496646472429476e-05,0.9903459718333734,0.99314579024292,0.9939999999999599,-0.0064198400774268,-8.2247733001273e-05,0.9904213176272
2.085,0.9935292775581189,0.9938366083408678,-0.006081269086982774,0.00047178531674767774,0.9909409885813665,0.9935721781917,0.99300000000002,-0.0060068728483098,0.00047023329950133,0.99101524482475
2.095,0.9939798265062574,0.9946509832607716,-0.005645950678640111,0.0010266751771126716,0.9915717571087603,0.99402218484072,0.9949999999999801,-0.0055698253802807,0.0010202267754963,0.99164208831344
2.105,0.99445413432882,0.9954864683060118,-0.0051883502823583914,0.0015775132195968442,0.992235788060348,0.9944959839471,0.9950000000000199,-0.0051125097240292,0.0015665040654035,0.99230213900985
2.115,0.9949503291495218,0.9963397661988118,-0.0047102738378439505,0.0021221255381005345,0.9929304608093305,0.99499082658183,0.99699999999998,-0.0046352719736787,0.0021065248642267,0.99299160557269
2.125,0.9954664527140952,0.9972075093622232,-0.004213608094410976,0.0026583627966122636,0.9936530337997332,0.99550511028455,0.99600000000002,-0.0041406630978791,0.0026386412624763,0.99370828749191
2.135,0.9960004681186253,0.9980862732104143,-0.0037003131648438055,0.003184108711656188,0.9944006553660754,0.99603656880128,0.9989999999999899,-0.0036302424481963,0.0031597163048669,0.99444906279854
2.145,0.9965502678482789,0.9989725896639453,-0.0031724147897272486,0.003697288404296133,0.9951703749875904,0.99658343821067,0.9980000000000199,-0.0031064843770552,0.0036694122232689,0.99521151204446
2.155,0.9971136820947026,0.9998629608366936,-0.0026319963427741217,0.004195876588734692,0.9959591549325837,0.99714290994351,0.9999999999999599,-0.002570796458935,0.0041640471801942,0.99599175349803
2.165,0.9976884873192654,1.0007538728404122,-0.0020811906087007848,0.004677905565191218,0.9967638822469715,0.99771379326032,1.0,-0.0020259892024192,0.0046433700128705,0.99678815823533
2.175,0.9982724150283493,1.0016418096524413,-0.0015221713661004686,0.005141472985513686,0.997581381039689,0.99829299279156,1.002,-0.0014735489661056,0.0051038587927924,0.99759642449634
2.185,0.9988631607260577,1.002523266991844,-0.0009571448085320868,0.005584749360877917,0.9984084250164809,0.99887875995124,1.002,-0.00091603056606163,0.0055453504784152,0.99841414099062
2.195,0.9994583930090081,1.0033947661492006,-0.0003883408376823289,0.006005985281944027,0.9992417502126113,0.99946880051034,1.002,-0.00035505054861167,0.0059648820639291,0.99923814436758
2.205,1.0000557627673152,1.0042528677154876,0.00018199573703773977,0.006403518322976001,1.0000780678742411,1.0000610071519,1.004,0.00020740232014854,0.0063613457537348,1.0000655423484
2.215,1.000652912455455,1.0050941851558521,0.0007516140577296484,0.0067757796026764235,1.0009140774376373,1.0006547804273,1.005,0.00077069255448918,0.0067331151578308,1.0008955475532
2.225,1.0012474853964208,1.0059153981747182,0.0013182661011155138,0.007121299975844336,1.0017464795549893,1.0012479983683,1.006,0.0013336019401685,0.0070787665468217,1.0017252205128
2.235,1.0018371350824486,1.006713265819477,0.0018797155504587388,0.007438715831420065,1.002571989115428,1.0018337559804,1.006,0.0018883245899458,0.0073966358000114,1.0025448881651
2.245,1.0024195344356133,1.0074846392710457,0.002433746621284683,0.007726774474035194,1.0033873482098588,1.0024099455949,1.008,0.0024328528436034,0.0076856316614653,1.0033515700146
2.255,1.0029923849917408,1.0082264742708182,0.0029781728060694693,0.007984339067828774,1.004189338988437,1.0029783376054,1.0070000000000001,0.00296975150954,0.0079450698954322,1.0041477136815
2.265,1.0035534259713965,1.0089358431349622,0.0035108455033864474,0.008210393123019185,1.0049747963599551,1.0035365687064,1.009,0.0034968009072711,0.0081727978645963,1.0049299716041
2.275,1.004100443202149,1.009609946308651,0.0040296624974542694,0.00840404450752485,1.0057406204830084,1.0040791946726,1.009,0.0040081223071208,0.0083689572830069,1.0056906649437
2.285,1.0046312778568969,1.0102461234146263,0.0045325762546223475,0.008564528967802045,1.0064837889996556,1.004603800315,1.01,0.004501299000417,0.0085322500254738,1.0064263724565
2.295,1.0051438349737731,1.0108418637524927,0.005017602004050535,0.008691213145004418,1.0072013689632824,1.0051120189584,1.011,0.0049788131690591,0.0086625043504254,1.0071394857668
2.305,1.0056360917240026,1.0113948162073043,0.0054828255706930555,0.008783597074561056,1.0078905284136037,1.0056030704303,1.011,0.0054404369698943,0.0087587051588396,1.0078290538428
2.315,1.0061061053950828,1.0119027985283422,0.0059264109296727615,0.008841316159308192,1.008548547553116,1.0060723804463,1.012,0.0058813350688543,0.0088205184334482,1.0084885834435
2.325,1.006552021057783,1.01236380594146,0.006346607452232684,0.008864142608387679,1.0091728294808961,1.0065148343673,1.012,0.0062957167391508,0.0088475626558998,1.0091107751104
2.335,1.0069720788867016,1.0127760190610124,0.006741756814667774,0.008851986336233408,1.0097609104413823,1.0069300378835,1.012,0.0066834986028739,0.0088400662315393,1.0096950028243
2.345,1.0073646211054943,1.013137811070139,0.007110299542971093,0.0088048953180979,1.010310469547692,1.0073204674677,1.0130000000000001,0.0070481121366041,0.0087978865922365,1.010244712777
2.355,1.007728098529359,1.0134477541410667,0.0074507811673651565,0.008723055400715902,1.0108193379411026,1.0076872057634,1.0130000000000001,0.0073913881548368,0.0087210390328688,1.0107614017616
2.365,1.0080610766789606,1.013704625070094,0.0077618579624297735,0.008606789568852208,1.011285507350545,1.0080263010249,1.014,0.0077089933433349,0.0086094599623666,1.0112394840819
2.375,1.0083622414416662,1.0139074101050174,0.008042302250172263,0.008456556670628392,1.0117071380183327,1.0083294012788,1.014,0.0079913345996643,0.0084635966117037,1.0116671801544
2.385,1.008630404257746,1.0140553089459476,0.008291007245111736,0.008272949606658852,1.0120825659608443,1.0085904620142,1.014,0.0082315084599762,0.0082842569721523,1.0120359452691
2.395,1.0088645068110773,1.014147737903728,0.008506991422255666,0.008056692990142979,1.0124103095355081,1.0088153315565,1.014,0.0084365009849544,0.008072882669986,1.0123539420314
2.405,1.0090636252058331,1.014184332203489,0.008689402390730638,0.007808640287147934,1.0126890752881663,1.0090206631816,1.014,0.008625946704275,0.0078298201940534,1.0126445343907
2.415,1.009226973612678,1.0141649474242478,0.008837520257779743,0.007529770448367912,1.0129177630577493,1.0092094757504,1.014,0.0088043189983061,0.0075550477096629,1.0129119562513
2.425,1.009353907370077,1.0140896600688718,0.008950760469850341,0.007221184045653086,1.0130954703181076,1.0093560101634,1.0150000000000001,0.0089421577887423,0.007248501017605,1.0131199465599
2.435,1.00944392552848,1.0139587672621577,0.00902867611955993,0.006884098928555237,1.013221495739872,1.0094372392474,1.014,0.0090091817156917,0.0069127287836436,1.0132360925754
2.445,1.0094966728273413,1.0137727855782137,0.009070959709435372,0.006519845418032039,1.0132953419582778,1.0094595619601,1.0130000000000001,0.0090215706734844,0.0065507638294823,1.0132689289023
2.455,1.0095119410971702,1.0135324490017799,0.009077444365464971,0.006129861056277889,1.0133167175360382,1.0094617675121,1.0130000000000001,0.0090090020803472,0.0061645607550014,1.0132735982341
2.465,1.0094896700810811,1.013238706031524,0.009048104495673934,0.005715684933401752,1.0132855381135135,1.0094426553732,1.0130000000000001,0.0089848146737282,0.005754475944508,1.0132486229339
2.475,1.0094299476725999,1.0128927159367511,0.008983055891124211,0.005278951613341527,1.0132019267416397,1.0093923388613,1.014,0.0089313229107638,0.0053210481245492,1.0131793298497
2.485,1.009333009568788,1.0124958441822973,0.008882555268940086,0.004821384682987054,1.0130662133963033,1.0093084289397,1.012,0.0088468127233561,0.0048657915254029,1.0130624711382
2.495,1.0091992383400548,1.0120496570396644,0.008746999259162941,0.004344789949969943,1.0128789336760768,1.0091901821049,1.012,0.0087298243358147,0.0043910319900685,1.0128971061777
2.505,1.0090291619203255,1.0115559154056604,0.008576922839433732,0.003851048315966032,1.012640826688456,1.0090362137257,1.012,0.0085787460132571,0.0038977083654535,1.0126813056434
2.515,1.0088234515235286,1.011016567852946,0.00837299722368059,0.0033421083536356103,1.01235283213294,1.0088449015606,1.01,0.0083927394737851,0.0033885770751879,1.0124128198441
2.525,1.0085829189946198,1.010433742939907,0.008136027213144159,0.0028199786164974858,1.0120160865924677,1.00861467016,1.014,0.0081698012670699,0.0028651031949761,1.0120894568101
2.535,1.0083085136056018,1.009809740810208,0.007866948020194702,0.0022867197120857,1.0116319190478427,1.0083453443365,1.017,0.007910953100716,0.0023254352945962,1.0117110410228
2.545,1.0080013183091814,1.0091470241151752,0.007566821577476221,0.001744436169673188,1.011201845632854,1.0080424425485,1.009,0.007615777947032,0.001776897912047,1.011285155831
2.555,1.0076625454648493,1.0084482082948378,0.007236832346943391,0.0011952681346560552,1.010727563650789,1.0077038853751,1.01,0.0072913242900061,0.0012238659716227,1.0108089046996
2.565,1.0072935320542515,1.00771605125598,0.006878282645331385,0.0006413829223775027,1.010210944875952,1.0073365390162,1.0070000000000001,0.0069353080296753,0.00066673311047166,1.010292013458
2.575,1.0068957344047333,1.0069534424879432,0.006492587504506665,8.496646472428045e-05,1.0096540281666266,1.0069399717518,1.0070000000000001,0.0065524126822529,0.00010638115057599,1.0097339439747
2.585,1.0064707224418812,1.0061633916591322,0.0060812690869827876,-0.0004717853167476608,1.0090590114186335,1.006515897661,1.006,0.0061440439158447,-0.00045397040096719,1.0091371436417
2.595,1.0060201734937426,1.0053490167392283,0.005645950678640111,-0.0010266751771126708,1.0084282428912397,1.0060667045753,1.004,0.0057103590740054,-0.0010123423547044,1.0085049972988
2.605,1.00554586567118,1.0045135316939882,0.005188350282358379,-0.0015775132195968585,1.007764211939652,1.0055922440686,1.005,0.0052542705710841,-0.0015674622039153,1.0078373469099
2.615,1.0050496708504781,1.0036602338011882,0.004710273837843952,-0.002122125538100534,1.0070695391906694,1.0050957034923,1.003,0.0047759292036721,-0.0021160609455223,1.007138719538
2.625,1.004533547285905,1.0027924906377768,0.004213608094410978,-0.0026583627966122623,1.0063469662002669,1.0045782279735,1.002,0.0042779212951761,-0.0026561615893732,1.0064107731938
2.635,1.0039995318813748,1.0019137267895857,0.0037003131648438207,-0.0031841087116561725,1.0055993446339246,1.0040420199242,1.0010000000000001,0.00376237665194,-0.0031856327323225,1.0056566430279
2.645,1.003449732151721,1.0010274103360548,0.003172414789727249,-0.003697288404296132,1.0048296250124096,1.0034897605977,1.0010000000000001,0.0032307020850282,-0.0037029533363383,1.0048801432451
2.655,1.0028863179052974,1.0001370391633064,0.002631996342774106,-0.004195876588734706,1.0040408450674163,1.0029226516851,0.9999999999999599,0.0026861837964639,-0.004205110960097,1.0040830055732
2.665,1.0023115126807347,0.9992461271595878,0.0020811906087007856,-0.004677905565191217,1.0032361177530285,1.0023440837718,0.99900000000002,0.002129940048603,-0.0046908212005745,1.0032700229137
2.675,1.0017275849716507,0.9983581903475586,0.0015221713661004704,-0.005141472985513684,1.002418618960311,1.0017558000613,0.99699999999998,0.0015648798343711,-0.0051570591469927,1.0024436749937
2.685,1.0011368392739421,0.9974767330081561,0.0009571448085321037,-0.005584749360877904,1.0015915749835191,1.0011603045563,0.9980000000000199,0.00099314481793056,-0.0056034098069219,1.0016075092911
2.695,1.0005416069909918,0.9966052338507994,0.00038834083768233066,-0.006005985281944026,1.0007582497873886,1.0005598524394,0.99599999999998,0.00041696498056445,-0.0060268578542492,1.0007647398183
2.705,0.9999442372326849,0.9957471322845123,-0.00018199573703775495,-0.006403518322976012,0.9999219321257588,0.9999568283955,0.9950000000000401,-0.00016150709883935,-0.0064265151115024,0.99991877191387
2.715,0.9993470875445448,0.994905814844148,-0.0007516140577296315,-0.006775779602676412,0.9990859225623628,0.99935156003546,0.9949999999999801,-0.00074237934871158,-0.0068005528365282,0.99907012057474
2.725,0.9987525146035792,0.9940846018252818,-0.001318266101115513,-0.007121299975844336,0.9982535204450108,0.99874683149844,0.99300000000002,-0.001322846098553,-0.0071468335071411,0.99822270844993
2.735,0.9981628649175512,0.9932867341805229,-0.0018797155504587536,-0.007438715831420072,0.9974280108845718,0.9981502297282,0.99299999999996,-0.0018944035017255,-0.0074643896710107,0.99738714118734
2.745,0.9975804655643866,0.9925153607289542,-0.0024337466212846818,-0.007726774474035192,0.9966126517901412,0.99756261666859,0.9920000000000199,-0.0024565496743808,-0.0077522357689137,0.99656458809139
2.755,0.9970076150082592,0.9917735257291819,-0.002978172806069468,-0.007984339067828774,0.9958106610115629,0.99698303307027,0.9920000000000199,-0.0030109634733377,-0.0080091378178667,0.99575367106245
2.765,0.9964465740286036,0.9910641568650378,-0.003510845503386431,-0.00821039312301918,0.995025203640045,0.99641512064418,0.9899999999999799,-0.003553978853735,-0.0082335716791069,0.99495944831443
2.775,0.9958995567978511,0.990390053691349,-0.004029662497454269,-0.008404044507524848,0.9942593795169915,0.99586440682129,0.99000000000002,-0.0040794826274282,-0.0084252827619932,0.9941895744338
2.785,0.9953687221431031,0.9897538765853736,-0.00453257625462236,-0.008564528967802049,0.9935162110003444,0.99533189581181,0.9889999999999801,-0.0045866883226608,-0.0085834853076969,0.99344545453585
2.795,0.9948561650262269,0.9891581362475073,-0.005017602004050521,-0.008691213145004416,0.9927986310367176,0.99481616447118,0.98900000000004,-0.005077543650821,-0.0087076832198563,0.9927252698534
2.805,0.9943639082759973,0.9886051837926956,-0.005482825570693055,-0.008783597074561056,0.9921094715863963,0.99431856596031,0.9889999999999801,-0.0055508450390879,-0.0087971151683004,0.992030973572
2.815,0.9938938946049171,0.9880972014716578,-0.005926410929672773,-0.008841316159308193,0.9914514524468839,0.99384527339129,0.98700000000002,-0.0059997881374373,-0.0088513922821102,0.99137106707316
2.825,0.993447978942217,0.9876361940585401,-0.006346607452232683,-0.008864142608387679,0.9908271705191039,0.99340045008223,0.9879999999999601,-0.0064200303643561,-0.0088706276589783,0.99075124659231
2.835,0.9930279211132984,0.9872239809389876,-0.006741756814667774,-0.008851986336233408,0.9902390895586177,0.99298291327282,0.9860000000000201,-0.0068133408372273,-0.0088549082195115,0.99016980220882
2.845,0.9926353788945057,0.986862188929861,-0.007110299542971082,-0.008804895318097902,0.9896895304523079,0.9925899711592,0.9869999999999799,-0.0071832690367395,-0.0088042841804336,0.98962294903783
2.855,0.992271901470641,0.9865522458589333,-0.007450781167365155,-0.008723055400715902,0.9891806620588974,0.99222272280797,0.9860000000000201,-0.0075288889042227,-0.0087187603580042,0.98911219079271
2.865,0.9919389233210393,0.9862953749299059,-0.007761857962429781,-0.008606789568852205,0.988714492649455,0.99188696417845,0.98599999999999,-0.0078437607076019,-0.0085984255853402,0.98864556876884
2.875,0.9916377585583339,0.9860925898949825,-0.008042302250172263,-0.008456556670628394,0.9882928619816674,0.99159053654266,0.9860000000000099,-0.008118793608114,-0.0084441348228871,0.98823396432076
2.885,0.9913695957422539,0.9859446910540524,-0.008291007245111736,-0.008272949606658852,0.9879174340391556,0.99133658581769,0.9849999999999899,-0.0083503044543666,-0.0082570086561462,0.98788171210563
2.895,0.9911354931889227,0.9858522620962721,-0.008506991422255661,-0.008056692990142986,0.9875896904644919,0.99111372843956,0.9860000000000201,-0.0085520682126367,-0.0080381551487976,0.98757290557336
2.905,0.9909363747941669,0.9858156677965111,-0.008689402390730638,-0.007808640287147934,0.9873109247118337,0.99090665648467,0.9849999999999601,-0.0087427928678588,-0.0077879138559709,0.98728619229903
2.915,0.990773026387322,0.9858350525757523,-0.008837520257779745,-0.0075297704483679034,0.9870822369422507,0.99072518183539,0.9860000000000201,-0.0089109940002935,-0.0075058443346958,0.98703518173642
2.925,0.990646092629923,0.9859103399311281,-0.008950760469850338,-0.0072211840456530944,0.9869045296818922,0.99059848315206,0.98599999999998,-0.0090230833963963,-0.0071931696359184,0.98686044807624
2.935,0.99055607447152,0.9860412327378424,-0.009028676119559929,-0.006884098928555238,0.986778504260128,0.99053895253888,0.98500000000002,-0.0090648818833809,-0.0068533165295422,0.98677924043815
2.945,0.9905033271726588,0.9862272144217862,-0.009070959709435373,-0.00651984541803203,0.9867046580417222,0.99052236434088,0.9869999999999799,-0.0090616276913042,-0.0064881596833559,0.98675742372116
2.955,0.9904880589028299,0.98646755099822,-0.009077444365464971,-0.006129861056277891,0.9866832824639618,0.99052451864269,0.98600000000004,-0.00904368611328,-0.0060993787551351,0.98676197177065
2.965,0.990510329918919,0.986761293968476,-0.009048104495673934,-0.005715684933401753,0.9867144618864865,0.99054993781417,0.9869999999999799,-0.0090068706843483,-0.0056871892808101,0.98679924099314
2.975,0.9905700523274003,0.987107284063249,-0.008983055891124213,-0.005278951613341541,0.9867980732583603,0.99060868527612,0.98700000000002,-0.0089389783943483,-0.0052527028000941,0.98688236639264
2.985,0.990666990431212,0.9875041558177027,-0.008882555268940084,-0.004821384682987054,0.9869337866036967,0.99070218572497,0.98699999999996,-0.0088391268435848,-0.0047979116946801,0.987013696391
2.995,0.9908007616599451,0.9879503429603357,-0.008746999259162938,-0.004344789949969931,0.9871210663239233,0.9908311816152,0.98800000000002,-0.0087059656047868,-0.0043241799524784,0.98719429412322
