x_m,rho_exact_kg_m3,rho_GPU_GKS_GKP_kg_m3,Ux_exact_m_s,Ux_GPU_GKS_GKP_m_s,p_exact_Pa,p_GPU_GKS_GKP_Pa
0.0025,1.0,0.99999999999731,0.0,6.1111784553653e-10,100000.0,99999.999999623
0.0075,1.0,0.99999999999522,0.0,1.6332597108091e-09,100000.0,99999.999999331
0.0125,1.0,0.99999999998875,0.0,4.1528367587998e-09,100000.0,99999.999998424
0.0175,1.0,0.99999999997308,0.0,1.0050320251763e-08,100000.0,99999.999996231
0.0225,1.0,0.99999999993636,0.0,2.3805604373925e-08,100000.0,99999.99999109
0.0275,1.0,0.99999999985188,0.0,5.541830300933e-08,100000.0,99999.999979263
0.0325,1.0,0.99999999966092,0.0,1.2686947389298e-07,100000.0,99999.999952529
0.0375,1.0,0.99999999923662,0.0,2.8562960012087e-07,100000.0,99999.999893127
0.0425,1.0,0.99999999830994,0.0,6.3236322366268e-07,100000.0,99999.999763391
0.0475,1.0,0.99999999632082,0.0,1.3766233149942e-06,100000.0,99999.999484915
0.0525,1.0,0.999999992125,0.0,2.9465555047296e-06,100000.0,99999.9988975
0.0575,1.0,0.99999998342836,0.0,6.2005425122049e-06,100000.0,99999.997679969
0.0625,1.0,0.99999996571852,0.0,1.2826958712276e-05,100000.0,99999.995200591
0.0675,1.0,0.99999993029005,0.0,2.6083080484145e-05,100000.0,99999.990240604
0.0725,1.0,0.99999986067399,0.0,5.2131027267757e-05,100000.0,99999.980494354
0.0775,1.0,0.99999972632719,0.0,0.00010239900665971,100000.0,99999.9616858
0.0825,1.0,0.99999947173502,0.0,0.00019765868588215,100000.0,99999.926042904
0.0875,1.0,0.9999989980406,0.0,0.00037489893523238,100000.0,99999.859725728
0.0925,1.0,0.9999981328344,0.0,0.00069862951608615,100000.0,99999.738597038
0.0975,1.0,0.99999658173975,0.0,0.0012789961707107,100000.0,99999.521444416
0.1025,1.0,0.99999385288784,0.0,0.0023000396921342,100000.0,99999.139407179
0.1075,1.0,0.9999891423906,0.0,0.0040625486580561,100000.0,99998.479943741
0.1125,1.0,0.99998116580033,0.0,0.0070471234996796,100000.0,99997.363238986
0.1175,1.0,0.99996791790263,0.0,0.012004059877568,100000.0,99995.508582839
0.1225,1.0,0.99994634202108,0.0,0.020077100762412,100000.0,99992.488091028
0.1275,1.0,0.99991189171326,0.0,0.032967480451264,100000.0,99987.665383812
0.1325,1.0,0.99985797398808,0.0,0.053142367756731,100000.0,99980.117726126
0.1375,1.0,0.99977527562491,0.0,0.08408720351091,100000.0,99968.54189773
0.1425,1.0,0.99965099388675,0.0,0.13059414015777,100000.0,99951.146857171
0.1475,1.0,0.99946801958735,0.0,0.19906896639589,100000.0,99925.540048578
0.1525,1.0,0.99920415159371,0.0,0.29782749723955,100000.0,99888.618623774
0.1575,1.0,0.9988314521674,0.0,0.437341404947,100000.0,99836.481167645
0.1625,1.0,0.99831587423212,0.0,0.63038576372546,100000.0,99764.378601842
0.1675,1.0,0.99761729558454,0.0,0.89203949958798,100000.0,99666.723488586
0.1725,1.0,0.99669007337584,0.0,1.2394982439676,100000.0,99537.173822514
0.1775,1.0,0.99548418149705,0.0,1.6916778151863,100000.0,99368.800095957
0.1825,1.0,0.99394691792892,0.0,2.2686140523913,100000.0,99154.333473696
0.1875,1.0,0.99202508114831,0.0,2.9906960015268,100000.0,98886.480134923
0.1925,1.0,0.98966743244946,0.0,3.8777981337043,100000.0,98558.275188127
0.1975,1.0,0.98682720420902,0.0,4.9483964541331,100000.0,98163.441076812
0.2025,1.0,0.98346439757237,0.0,6.2187578643859,100000.0,97696.713353998
0.2075,1.0,0.97954764092844,0.0,7.7022812385912,100000.0,97154.100827226
0.2125,1.0,0.9750554458484,0.0,9.4090451893543,100000.0,96533.056783069
0.2175,1.0,0.96997678412235,0.0,11.345587236341,100000.0,95832.550807555
0.2225,1.0,0.9643109986881,0.0,13.514908795615,100000.0,95053.043785108
0.2275,1.0,0.95806713563468,0.0,15.916675716334,100000.0,94196.379482449
0.2325,1.0,0.95126283346549,0.0,18.547568285719,100000.0,93265.613158567
0.2375,1.0,0.94392292647362,0.0,21.401728371691,100000.0,92264.800479496
0.2425,0.9849424570504387,0.93607791485566,5.668260304072798,24.471253274396,97898.31165026022,91198.769194353
0.2475,0.9693467763907126,0.92776243229305,11.612658788093977,27.74669338098,95735.02136113255,90072.892636239
0.2525,0.9539492792350306,0.91901381040803,17.55705727211511,31.21752111256,93612.83503019346,88892.879378871
0.2575,0.9387480707281131,0.90987080597658,23.501455756136288,34.872549589558,91531.09974993621,87664.588375706
0.2625,0.9237412681313133,0.90037252619937,29.445854240157416,38.700289313077,89489.1709361341,86393.874385976
0.2675,0.9089270007837494,0.89055756256672,35.39025272417855,42.689239100101,87486.41224800602,85086.464864478
0.2725,0.8943034100634425,0.88046332588132,41.33465120819973,46.828113255546,85522.19550889495,83747.866889892
0.2775,0.8798686493484492,0.87012556348122,47.27904969222086,51.106010653422,83595.90062745611,82383.301067953
0.2825,0.8656208839780044,0.85957803357461,53.223448176241945,55.512533385893,81706.91551935539,80997.658504487
0.2875,0.8515582912136489,0.84885230952759,59.16784666026312,60.037863347678,79854.63602947297,79595.476697001
0.2925,0.8376790602003683,0.83797768765043,65.11224514428426,64.672804959785,78038.46585461385,78180.930348271
0.2975,0.8239813919277305,0.82698117441386,71.05664362830538,69.40880154106,76257.81646672224,76757.833498731
0.3025,0.8104634991910187,0.81588753226235,77.00104211232656,74.237931867615,74512.10703659755,75329.649883407
0.3075,0.7971236065523698,0.8047193666891,82.9454405963477,79.152892400485,72800.76435811156,73899.508958042
0.3125,0.7839599503019072,0.79349724062308,88.88983908036887,84.146969627554,71123.2227729241,72470.225554061
0.3175,0.7709707784188786,0.78223980523945,94.83423756439001,89.214006023849,69478.92409569642,71044.321583096
0.3225,0.758154350532789,0.77096393894158,100.77863604841116,94.34836231637,67867.31753979964,69624.048605934
0.3275,0.7455089378845422,0.75968488845463,106.72303453243231,99.544878054317,66287.85964351844,68211.410405781
0.3325,0.7330328232875704,0.74841640773817,112.66743301645344,104.7988319271,64740.01419674539,66808.184965988
0.3375,0.7207243010889715,0.73717089181619,118.6118315004746,110.10590282787,63223.25216816714,65415.945455521
0.3425,0.7085816771306463,0.72595950369304,124.55622998449576,115.46213231273,61737.05163293961,64036.079980298
0.3475,0.696603268710435,0.71479229332979,130.50062846851685,120.86388883865,60280.897700850335,62669.809973921
0.3525,0.6847874045432494,0.70367830825118,136.445026952538,126.30783395961,58854.28244496635,61318.207185352
0.3575,0.6731324247222117,0.69262569578492,142.38942543655915,131.79089050695,57456.70483076684,59982.209280785
0.3625,0.6616366806797878,0.68164179724252,148.33382392058027,137.31021266277,56087.670645757484,58662.634118312
0.3675,0.6502985351489248,0.6707332345678,154.27822240460142,142.86315774437,54746.69242956635,57360.192781815
0.3725,0.6391163621241888,0.65990599013216,160.2226208886226,148.44725944301,53433.28940451884,56075.501478812
0.3775,0.6280885468228941,0.64916548046849,166.16701937264375,154.06020219254,52146.98740668921,54809.092418853
0.3825,0.617213485646245,0.63851662483099,172.1114178566649,159.69979628084,50887.31881742947,53561.423799164
0.3875,0.6064895861404687,0.62796390952397,178.05581634068602,165.36395319835,49653.822495371394,52332.889012265
0.3925,0.5959152669579526,0.61751144927128,184.00021482470717,171.05066095428,48446.0437089017,51123.825370108
0.3975,0.5854889578183783,0.60716304586655,189.94461330872835,176.7579567395,47263.53406910772,49934.521315602
0.4025,0.5752090994698583,0.59692224884111,195.8890117927495,182.48390624159,46105.851463192805,48765.229966738
0.4075,0.565074143650071,0.58679241589439,201.83341027677056,188.22654661116,44972.559988358924,47616.146575339
0.4125,0.5550825530473975,0.57677674211136,207.77780876079174,193.98391353244,43863.22988615572,46487.552232052
0.4175,0.5452328012620571,0.56687851982098,213.72220724481286,199.75399115262,42777.43747729364,45379.302244285
0.4225,0.5355233727672418,0.55710065925268,219.66660572883404,205.53390161917,41714.76509691964,44292.545322978
0.4275,0.5259527628702539,0.54744643100251,225.61100421285516,211.32423021789,40674.80103035421,43224.828118313
0.4325,0.5165194776736387,0.5379218281001,231.55540269687634,217.11253247268,39657.13944928754,42182.601829302
0.4375,0.507222034036325,0.52852010927526,237.4998011808975,222.92218434276,38661.38034843395,41152.653911787
0.4425,0.4980589595347563,0.51927805693281,243.4441996649186,228.68628951523,37687.12948264161,40160.414706227
0.4475,0.4890287924240279,0.51011573459103,249.3885981489398,234.52959744126,36733.99830445731,39167.276697928
0.4525,0.4801300815990235,0.50122730834343,255.3329966329609,240.24195637357,35801.603902143965,38220.93258272
0.4575,0.4713613865555506,0.49232643460568,261.27739511698206,246.04420300952,34889.56893814917,37274.285795653
0.4625,0.46272127735147633,0.48369145923071,267.22179360100324,251.7354787281,33997.521588023315,36386.495233778
0.4675,0.4542083345678613,0.47519788609181,273.16619208502436,257.58746631799,33125.095479785334,35466.123568686
0.4725,0.4458211492700982,0.46721929706488,279.1105905690454,263.00202354266,32271.929633735173,34614.388046404
0.4775,0.43755832296904446,0.45885114052427,285.0549890530666,268.486826902,31437.668402710256,33820.500815003
0.4825,0.42941846758216223,0.45068026103783,290.9993875370878,274.30286707472,30621.961412785524,33013.570229999
0.4875,0.4263194281784952,0.44382484271834,293.2862701245426,279.73041722387,30313.017805064683,32205.220498299
0.4925,0.4263194281784952,0.4375328858669,293.2862701245426,284.292604073,30313.017805064683,31497.996785266
0.4975,0.4263194281784952,0.43058082447285,293.2862701245426,288.58349489456,30313.017805064683,30913.043586256
0.5025,0.4263194281784952,0.42432145111842,293.2862701245426,292.75500307094,30313.017805064683,30422.689204504
0.5075,0.4263194281784952,0.4220205788578,293.2862701245426,295.3486726909,30313.017805064683,30085.068317989
0.5125,0.4263194281784952,0.4220996102535,293.2862701245426,295.71793673036,30313.017805064683,30003.34784903
0.5175,0.4263194281784952,0.42208278217611,293.2862701245426,295.65738544864,30313.017805064683,30001.318145432
0.5225,0.4263194281784952,0.42378275996645,293.2862701245426,293.99773325294,30313.017805064683,30197.868418241
0.5275,0.4263194281784952,0.42364537975415,293.2862701245426,293.58892449431,30313.017805064683,30270.585371497
0.5325,0.4263194281784952,0.42361187490325,293.2862701245426,293.54205893631,30313.017805064683,30277.674010701
0.5375,0.4263194281784952,0.42385870730061,293.2862701245426,293.53991543003,30313.017805064683,30285.785121123
0.5425,0.4263194281784952,0.42419974693449,293.2862701245426,293.49998430257,30313.017805064683,30289.174850226
0.5475,0.4263194281784952,0.42448391400105,293.2862701245426,293.30878884304,30313.017805064683,30311.123273583
0.5525,0.4263194281784952,0.42400541100393,293.2862701245426,293.49383700288,30313.017805064683,30283.278228569
0.5575,0.4263194281784952,0.42388070389531,293.2862701245426,293.38580793143,30313.017805064683,30306.635999196
0.5625,0.4263194281784952,0.4237323493308,293.2862701245426,293.44844879808,30313.017805064683,30300.202168429
0.5675,0.4263194281784952,0.42393280850852,293.2862701245426,293.2892409484,30313.017805064683,30323.081224862
0.5725,0.4263194281784952,0.42368695862736,293.2862701245426,293.45454947265,30313.017805064683,30300.301096859
0.5775,0.4263194281784952,0.42373734347885,293.2862701245426,293.36110311154,30313.017805064683,30309.705398824
0.5825,0.4263194281784952,0.42349315496681,293.2862701245426,293.4275872756,30313.017805064683,30296.644062531
0.5875,0.4263194281784952,0.42352175355195,293.2862701245426,293.23085317826,30313.017805064683,30324.508830492
0.5925,0.4263194281784952,0.42314309410526,293.2862701245426,293.40882900516,30313.017805064683,30300.341607966
0.5975,0.4263194281784952,0.42321858909052,293.2862701245426,293.28887366818,30313.017805064683,30317.806137613
0.6025,0.4263194281784952,0.42294244936024,293.2862701245426,293.43292251182,30313.017805064683,30297.995733069
0.6075,0.4263194281784952,0.42305948068543,293.2862701245426,293.23709630089,30313.017805064683,30321.688968865
0.6125,0.4263194281784952,0.42257120127148,293.2862701245426,293.43096310221,30313.017805064683,30292.761715257
0.6175,0.4263194281784952,0.42257501406825,293.2862701245426,293.17562888339,30313.017805064683,30329.326724623
0.6225,0.4263194281784952,0.42197776445014,293.2862701245426,293.42308911534,30313.017805064683,30295.426456498
0.6275,0.4263194281784952,0.42200930396453,293.2862701245426,293.21284061875,30313.017805064683,30330.071305643
0.6325,0.4263194281784952,0.42151592412098,293.2862701245426,293.45481878644,30313.017805064683,30297.233207872
0.6375,0.4263194281784952,0.42162573615891,293.2862701245426,293.20110609428,30313.017805064683,30327.983284397
0.6425,0.4263194281784952,0.42095575971851,293.2862701245426,293.44713580929,30313.017805064683,30288.547379956
0.6475,0.4263194281784952,0.42088520406955,293.2862701245426,293.08541096871,30313.017805064683,30333.165253041
0.6525,0.4263194281784952,0.41991736409118,293.2862701245426,293.36961387252,30313.017805064683,30285.033276024
0.6575,0.4263194281784952,0.41955912378939,293.2862701245426,293.05998554635,30313.017805064683,30328.586009024
0.6625,0.4263194281784952,0.41864682895335,293.2862701245426,293.22711879699,30313.017805064683,30291.745297054
0.6675,0.4263194281784952,0.41798278555593,293.2862701245426,293.01567908911,30313.017805064683,30308.237808292
0.6725,0.4263194281784952,0.41683076137779,293.2862701245426,292.82739952407,30313.017805064683,30287.484970458
0.6775,0.4263194281784952,0.41474967101672,293.2862701245426,292.27794958842,30313.017805064683,30264.347646148
0.6825,0.4263194281784952,0.41036432739161,293.2862701245426,291.08659832926,30313.017805064683,30211.86281374
0.6875,0.4263194281784952,0.40109566503514,293.2862701245426,288.52525037645,30313.017805064683,30096.426101938
0.6925,0.4263194281784952,0.38317095926612,293.2862701245426,284.11487756088,30313.017805064683,30143.169598492
0.6975,0.4263194281784952,0.35756657344539,293.2862701245426,282.9975434689,30313.017805064683,30390.282628239
0.7025,0.4263194281784952,0.33387583196255,293.2862701245426,284.22792440505,30313.017805064683,30400.916130081
0.7075,0.2655737117053071,0.31463394631408,293.2862701245426,285.82489342634,30313.017805064683,30398.095821977
0.7125,0.2655737117053071,0.29970999156313,293.2862701245426,287.40680128068,30313.017805064683,30385.816755079
0.7175,0.2655737117053071,0.28848505751539,293.2862701245426,288.84710687705,30313.017805064683,30373.171257146
0.7225,0.2655737117053071,0.28029880915589,293.2862701245426,290.08546673122,30313.017805064683,30361.151731833
0.7275,0.2655737117053071,0.27453019121612,293.2862701245426,291.09311597033,30313.017805064683,30350.296738558
0.7325,0.2655737117053071,0.27062157843212,293.2862701245426,291.8701594393,30313.017805064683,30341.172305392
0.7375,0.2655737117053071,0.26809092469856,293.2862701245426,292.43918446537,30313.017805064683,30333.974877438
0.7425,0.2655737117053071,0.26654138074808,293.2862701245426,292.83496581735,30313.017805064683,30328.670341498
0.7475,0.2655737117053071,0.26566117155333,293.2862701245426,293.09598548944,30313.017805064683,30325.005884717
0.7525,0.2655737117053071,0.26521540119329,293.2862701245426,293.25723119353,30313.017805064683,30322.409130525
0.7575,0.2655737117053071,0.26503190798946,293.2862701245426,293.34386076676,30313.017805064683,30320.306056075
0.7625,0.2655737117053071,0.26498581858345,293.2862701245426,293.37564535389,30313.017805064683,30318.828359824
0.7675,0.2655737117053071,0.26500035862705,293.2862701245426,293.38757491703,30313.017805064683,30319.84859231
0.7725,0.2655737117053071,0.26506508164474,293.2862701245426,293.42492462206,30313.017805064683,30322.30832204
0.7775,0.2655737117053071,0.26520052893114,293.2862701245426,293.47214005808,30313.017805064683,30320.080957142
0.7825,0.2655737117053071,0.26536087456066,293.2862701245426,293.45879862317,30313.017805064683,30319.509717337
0.7875,0.2655737117053071,0.26548284323352,293.2862701245426,293.4383597671,30313.017805064683,30320.086104072
0.7925,0.2655737117053071,0.26556326828926,293.2862701245426,293.42081578677,30313.017805064683,30321.10616874
0.7975,0.2655737117053071,0.26560885796906,293.2862701245426,293.4110971784,30313.017805064683,30322.263624304
0.8025,0.2655737117053071,0.26563126344427,293.2862701245426,293.41023639565,30313.017805064683,30323.455837241
0.8075,0.2655737117053071,0.26564103705647,293.2862701245426,293.41578713911,30313.017805064683,30324.482973743
0.8125,0.2655737117053071,0.26564212342227,293.2862701245426,293.42121083796,30313.017805064683,30325.108047111
0.8175,0.2655737117053071,0.26563076021258,293.2862701245426,293.42310131531,30313.017805064683,30326.089150025
0.8225,0.2655737117053071,0.26560901836641,293.2862701245426,293.43432993904,30313.017805064683,30327.763204377
0.8275,0.2655737117053071,0.26559271622616,293.2862701245426,293.45255917455,30313.017805064683,30329.207708359
0.8325,0.2655737117053071,0.26558688019111,293.2862701245426,293.47068283827,30313.017805064683,30330.961640622
0.8375,0.2655737117053071,0.26558921376479,293.2862701245426,293.4891634543,30313.017805064683,30332.817923088
0.8425,0.2655737117053071,0.26559664208454,293.2862701245426,293.50600108582,30313.017805064683,30334.405309572
0.8475,0.2655737117053071,0.26560462963734,293.2862701245426,293.51629235436,30313.017805064683,30335.430056552
0.8525,0.2655737117053071,0.26560775715031,293.2862701245426,293.51605874348,30313.017805064683,30335.444101661
0.8575,0.2655737117053071,0.26559652540253,293.2862701245426,293.48765405621,30313.017805064683,30331.492334835
0.8625,0.2655737117053071,0.26552491747665,293.2862701245426,293.34133353651,30313.017805064683,30311.465835264
0.8675,0.2655737117053071,0.2652099061086,293.2862701245426,292.74093600205,30313.017805064683,30232.599779001
0.8725,0.2655737117053071,0.26401535484202,293.2862701245426,290.52656395043,30313.017805064683,29949.037532693
0.8775,0.2655737117053071,0.25991356214726,293.2862701245426,282.97012245706,30313.017805064683,28993.358970396
0.8825,0.2655737117053071,0.24817982041565,293.2862701245426,261.50060232139,30313.017805064683,26545.143348527
0.8875,0.2655737117053071,0.22416643885921,293.2862701245426,218.85993158943,30313.017805064683,22682.243791293
0.8925,0.125,0.19077322733267,0.0,155.53214282472,10000.0,18027.558737039
0.8975,0.125,0.15881251974434,0.0,86.054161107184,10000.0,13977.187200165
0.9025,0.125,0.13824653626323,0.0,35.167969541079,10000.0,11520.080029506
0.9075,0.125,0.12922209577868,0.0,11.322566057257,10000.0,10477.699093065
0.9125,0.125,0.12621260228528,0.0,3.2513710379176,10000.0,10136.310279198
0.9175,0.125,0.12533524588444,0.0,0.89812146966945,10000.0,10037.59275978
0.9225,0.125,0.12509159127648,0.0,0.24527165094605,10000.0,10010.262045152
0.9275,0.125,0.12502493428877,0.0,0.066761469595023,10000.0,10002.792950819
0.9325,0.125,0.12500678015559,0.0,0.018152972032705,10000.0,10000.759402128
0.9375,0.125,0.12500184277605,0.0,0.0049337174164877,10000.0,10000.206392886
0.9425,0.125,0.12500050068897,0.0,0.0013405032074915,10000.0,10000.05607733
0.9475,0.125,0.12500013599835,0.0,0.00036411026266415,10000.0,10000.015231831
0.9525,0.125,0.12500003692787,0.0,9.8867455241455e-05,10000.0,10000.004135923
0.9575,0.125,0.12500001002311,0.0,2.6835003952482e-05,10000.0,10000.001122589
0.9625,0.125,0.1250000027192,0.0,7.2801506355873e-06,10000.0,10000.000304551
0.9675,0.125,0.12500000073726,0.0,1.9738827905858e-06,10000.0,10000.000082573
0.9725,0.125,0.12500000019975,0.0,5.3479169374213e-07,10000.0,10000.000022372
0.9775,0.125,0.12500000005407,0.0,1.4476240113841e-07,10000.0,10000.000006056
0.9825,0.125,0.12500000001462,0.0,3.9140393833761e-08,10000.0,10000.000001638
0.9875,0.125,0.12500000000395,0.0,1.0560324523722e-08,10000.0,10000.000000443
0.9925,0.125,0.12500000000108,0.0,2.8137871876121e-09,10000.0,10000.000000121
0.9975,0.125,0.12500000000037,0.0,7.3094403319371e-10,10000.0,10000.000000042
