x_m,rho_g_published,rho_p_published,u_g_published,u_p_published,p_g_published,T_p_published,rho_g_GPU_GKS_GKP,rho_p_GPU_GKS_GKP,u_g_GPU_GKS_GKP,u_p_GPU_GKS_GKP,p_g_GPU_GKS_GKP,T_p_GPU_GKS_GKP
0.0025,0.999784363903,0.500186618567,0.00010060312271,0.000477955019446,1.14065326644,1.08512485204,0.99999599316535,0.5,6.0908522596044e-06,8.8375096219469e-07,1.1101488727081,1.0781463216090772
0.0075,0.999751781640528,0.499886654882067,0.00013190664632879807,0.0006768386718186325,1.1406587905918937,1.0849820879674992,0.99999462937081,0.5,8.3089334681801e-06,2.4705169563108e-06,1.1101461627821,1.0781326781742266
0.0125,0.9996871543465873,0.4992916734483977,0.00019399754698491066,0.0010713266934220009,1.1406697478109795,1.0846989137807568,0.99999345637378,0.5,1.0732738575878e-05,4.3630119341294e-06,1.1101435096366,1.078132425409299
0.0175,0.9996732041600831,0.49923914892568877,0.00023271205272783752,0.0009318235108579801,1.1406721129917556,1.084215230784556,0.99999158236814,0.5,1.3329014603331e-05,6.2443702432259e-06,1.1101406263264,1.0781320749103194
0.0225,0.9997091119066105,0.4997203127231553,0.0002484280332775141,0.0002669608702754562,1.140666025020955,1.0835342801205678,0.9999901532617,0.5,1.4911950216205e-05,8.2356835862538e-06,1.1101379417419,1.078131646497021
0.0275,0.9997191567410626,0.5002071409936937,0.00025341796793920397,0.00038555767572866624,1.1406986095830733,1.0838941725379958,0.99998888034644,0.49974999999999997,1.6435245507076e-05,0.00078770893497512,1.110135546584,1.0781468538167143
0.0325,0.9997037692897911,0.5006995394218855,0.00024786044905366613,0.0012745690588832344,1.1407692227671813,1.0852775776427492,0.9999873797536,0.49974999999999997,1.8689765577329e-05,0.00072437645798272,1.1101334164994,1.0781317832847876
0.0375,0.999727685514994,0.501159884279178,0.0002711414678935351,0.0014649982150537477,1.1408257207102779,1.0864400543429449,0.9999859460215,0.5,2.3424394683648e-05,1.3883187649101e-05,1.1101295296793,1.0781168336588276
0.0425,0.9997902637239939,0.501588698889178,0.0003227901911895351,0.0009682505683612475,1.1408683338652779,1.0873852096329448,0.99998409561835,0.5,2.8364386292227e-05,1.646316673341e-05,1.1101257649348,1.0781294212327377
0.0475,0.9998885258243161,0.5014967355612021,0.0003459384031268106,0.0008139921174904403,1.140883941151708,1.0871901171478362,0.99998168457379,0.5,3.306448434328e-05,1.911822932087e-05,1.110120627817,1.0781148359308885
0.0525,1.000021889221816,0.5008924967922022,0.00034105141817681055,0.0009966312020979402,1.140872983481708,1.0858733931778362,0.99997873398594,0.5,3.8334831441949e-05,2.2434467160661e-05,1.1101146351759,1.0781136104854596
0.0575,1.0000838848364197,0.5000027868994301,0.00032297690847924896,0.000994741552142927,1.1408896454506483,1.0848740108922,0.99997642031827,0.5,4.3974997643498e-05,2.5765389025429e-05,1.1101085070107,1.0781122002770362
0.0625,1.0000756778564197,0.49883226663593017,0.00029193018056074895,0.000811335881660927,1.1409334761256484,1.0841867892022,0.9999719590214,0.5,5.0325557533654e-05,2.9411921238522e-05,1.1101004348572,1.0780971194544755
0.0675,1.0000452330902212,0.49847782143316477,0.00024726117433175815,0.0005571619922967192,1.1409429356951954,1.0836868809414189,0.99996782338234,0.5,5.7707614686773e-05,3.3951710839927e-05,1.1100914003553,1.0780953753974338
0.0725,0.9999929136037211,0.49892612761666477,0.0001891922943362583,0.00023337528354297016,1.1409185853201955,1.083371227931419,0.99996329539045,0.49950000000000006,6.4450698431404e-05,0.0013701446552923,1.1100828964311,1.0781095162206193
0.0775,0.9999830010603489,0.49922807813327613,0.00016455113274836566,0.00022135518548523666,1.140934743749311,1.0837125358628832,0.99995903945465,0.5,7.3995145110528e-05,4.308904898367e-05,1.110072021974,1.078064445969758
0.0825,1.000014803101849,0.49938606246327616,0.00017279193089986568,0.0005160116310069871,1.1409907496143108,1.084700078842883,0.99995260464986,0.5,8.4266446527305e-05,4.9796419723109e-05,1.1100602196584,1.0780618659823338
0.0875,1.0000972866088482,0.4993868308120099,0.00014746009278931413,0.00048754956724055194,1.1409780132658844,1.0851297733301335,0.99994488960057,0.5,9.7898849244229e-05,5.7157734155699e-05,1.1100442643351,1.0780453809222728
0.0925,1.0002296241288482,0.4992329499710099,8.910374309071403e-05,0.0001412443984224515,1.1408976570258844,1.0850107270551335,0.99993629837175,0.49974999999999997,0.0001119636137224,0.000676542461677,1.1100258756765,1.0780426035149393
0.0975,1.0002156059849818,0.49950572434246593,4.8089229964477365e-05,-1.7893266685714344e-06,1.1408970908533758,1.0851117285938223,0.99992609747454,0.49950000000000006,0.00012757455498685,0.0015457825515979,1.1100076417194,1.0780457575129976
0.1025,1.000057621657477,0.5001981881269868,2.4133421384758732e-05,5.512967451683603e-05,1.1409750120533781,1.085429185328832,0.9999179116305,0.5,0.00014393973414391,8.3675702130167e-05,1.1099892257054,1.0779939556709655
0.1075,1.0000268581548362,0.5000171723310852,3.0368832468896488e-05,0.0001599681795513957,1.1409737569587708,1.0852042514780185,0.99990578367553,0.5,0.00016444940104088,9.6122171030876e-05,1.1099652319047,1.0779755452748763
0.1125,1.0001212384023361,0.49897693784608516,6.630254533739649e-05,0.0003119438291767957,1.140894618243771,1.0844457823980185,0.99989085044628,0.49925,0.00018706776017598,0.0019008011957876,1.1099372734863,1.0780004149877493
0.1175,1.0001240817150407,0.4986534841179076,7.561967895054295e-05,0.0005692264529878172,1.1408768565002805,1.0841992427412817,0.99987548239298,0.49974999999999997,0.00021252744401332,0.00071149742689324,1.1099067738932,1.0779522080010284
0.1225,1.0000368825735408,0.4990351086034076,5.8754789710892925e-05,0.0009300967534208178,1.1409194696552805,1.0844562744762816,0.9998596034832,0.49950000000000006,0.00023958392362822,0.0013238820016899,1.1098741748963,1.0779473519121254
0.1275,0.9999796785854396,0.499659797270589,7.642865576626008e-05,0.0009084322242304413,1.140948579877254,1.0846000997922345,0.99983779954202,0.499,0.00027008669224245,0.0026281326493207,1.1098354524749,1.0779467480948786
0.1325,0.9999519800339396,0.500523581724589,0.00012807737906251015,0.0005104783321169408,1.140964407622254,1.0846325669572345,0.99981614618846,0.5,0.00030930706327334,0.00017498180725671,1.1097896543853,1.0778617795168928
0.1375,1.0000571910457328,0.5007171296267157,0.0001553799028221254,6.310745165786396e-05,1.1409090380748583,1.0845595566566864,0.99978560484272,0.49950000000000006,0.00035564100320898,0.0012918553315022,1.1097341797394,1.0778533355272994
0.1425,1.0002931416687328,0.5002513836147157,0.0001587337160231254,-0.0004328736091616333,1.1407836336398585,1.0843827909716863,0.99975730953159,0.49974999999999997,0.00040247587323183,0.0008288367964787,1.1096798815843,1.0778037284393749
0.1475,1.000323780631656,0.49962687014784,0.00014532536406703018,-0.0004727498762808837,1.1407165373320776,1.084000980731054,0.99972281758301,0.5,0.00045798374522024,0.00025776088880316,1.1096139444907,1.077747823424585
0.1525,1.000152459961656,0.49884618134784003,0.00011542851496053018,-6.396795868888376e-05,1.1407067971820777,1.083417473601054,0.99968482044565,0.49874999999999997,0.00051630177992399,0.002923716486309,1.1095428174091,1.077777943832564
0.1575,0.999965624557009,0.4986183342715712,0.000126640030547886,0.0003315781282026834,1.1406657547759522,1.0833913603199914,0.99964404552804,0.49874999999999997,0.00058328091955319,0.0031556366031389,1.109463139553,1.0777298263140538
0.1625,0.999763527719509,0.4989343029315712,0.00017828875384438614,0.0007141044795921845,1.1405939211709522,1.0839135405799916,0.99959076226916,0.499,0.00066303352812597,0.0026711954755183,1.1093674273267,1.0776873196509154
0.1675,0.9996348672941837,0.4996164193378101,0.00020955236562402027,0.0006313479065034962,1.1404956954677494,1.0844884595727655,0.99953383723357,0.49874999999999997,0.00075000124945868,0.0027722565846475,1.1092624167804,1.0776285535057695
0.1725,0.9995784443191837,0.5006587055678101,0.00022076368403902018,9.090486496099914e-05,1.1403715085577495,1.0851152562577655,0.99946029409727,0.49850000000000005,0.00085791116947073,0.0036261329773583,1.10913070553,1.0775918321068558
0.1775,0.9994692712451236,0.5005808279305878,0.0002652094970593887,0.0005254208417686206,1.1403086986192592,1.085239671048516,0.99938116807897,0.49850000000000005,0.00097871019039162,0.0034279903129594,1.1089848208987,1.0775137399817905
0.1825,0.9993082092981237,0.49940107481608775,0.0003423472006833887,0.0019189781384276205,1.1403062635792591,1.084869906098516,0.99929210939165,0.49925,0.0011139903731224,0.0022078872719078,1.1088240917396,1.077414352928095
0.1875,0.999300226069836,0.4991935784283133,0.00043436313735789746,0.0026648975438388666,1.1403038285417797,1.0848165735451603,0.99918055332757,0.49799999999999994,0.0012742837296517,0.0046652758636136,1.1086285457342,1.077415645046442
0.1925,0.999442822315836,0.4999424651878133,0.0005410143971518978,0.002773752738018867,1.1403013935067796,1.0850745071451602,0.99905152980347,0.49874999999999997,0.0014635181948738,0.0032639006565866,1.1083999294207,1.0772833200813472
0.1975,0.9996381686611482,0.4999730197169001,0.000604093688727307,0.00264151292845717,1.1402952758520775,1.0846436547069058,0.99888267862639,0.49824999999999997,0.0017033445021222,0.0041847678417763,1.1081102186017,1.0772133567141433
0.2025,0.9998854038796481,0.4992969698889001,0.0006243123911678069,0.0022721143601721703,1.1402855357020776,1.0835352617169058,0.99866662806044,0.4975,0.002001617388609,0.0057491131578521,1.1077446901973,1.0771538169479369
0.2075,0.9999511166978632,0.4991618671543572,0.0006466082495213629,0.002180813154447912,1.1402500172242451,1.0831733945856405,0.99837978368306,0.49675,0.0023979998152054,0.0074701365543865,1.1072597753602,1.0771121897109532
0.2125,0.9998382707468633,0.49955887972385715,0.0006709473510378629,0.0023630689461129123,1.1401891412892453,1.0835458651356407,0.99797780730143,0.4975,0.0029310848414793,0.0055833799194026,1.1066032610615,1.0769247783069866
0.2175,0.9995588999740422,0.4995250998185403,0.0008685115944955378,0.0025704438325408027,1.1399907809324175,1.083693286781703,0.99738846753887,0.4975,0.0037106525921018,0.0058960622329473,1.1056450364901,1.0767750289355138
0.2225,0.9991157231520422,0.49906756078504033,0.0012364728142690389,0.0028025277060558036,1.1396571807974174,1.083619333791703,0.99653374591503,0.49700000000000005,0.0048082192179297,0.0070820071542174,1.1042858691554,1.0766651186764296
0.2275,0.9984201733073206,0.4986938013201464,0.0022224120710916356,0.0034454053907985276,1.1384790335048023,1.0831034665912058,0.99529182708543,0.4965,0.0063951028050691,0.0084834186677934,1.1023200424233,1.0765125479572493
0.2325,0.9974763708158206,0.49840245359414637,0.0038162399274716354,0.004492370048933528,1.1364701275798024,1.0821529001062058,0.99351259281368,0.496,0.0086586872339767,0.0095852646688273,1.0995202761716,1.0763053993899856
0.2375,0.9950369478705754,0.4981778192290188,0.007034886767199577,0.0051717264164482185,1.1324541946178763,1.0817419963462729,0.99100612835162,0.49450000000000005,0.011823187198463,0.012473599497472,1.0955985660149,1.0761281679204686
0.2425,0.9911263227650754,0.49801880902701884,0.011851824933004577,0.005489476261443219,1.1264640024078763,1.081861944491273,0.98757367642968,0.495,0.016138261959734,0.0099111311170684,1.0902694079348,1.0756831084196927
0.2475,0.9853373804090492,0.49754640117784005,0.019134685309036902,0.006038225166325472,1.117365680253149,1.0805397610760632,0.9830568792572,0.49375,0.021828679589113,0.014308117812445,1.0832701223568,1.0753534996760106
0.2525,0.9777007872070491,0.49676571237784006,0.028843207940236933,0.006814201717815474,1.105209973133149,1.0777989911060633,0.97729863908403,0.49275,0.029060131270636,0.016513628177553,1.0743968874663,1.0748848618485896
0.2575,0.968833358361743,0.49533237039215205,0.04011505607860419,0.00837118889253845,1.091246714139931,1.075284633974157,0.97026784807019,0.49375,0.037946618990433,0.015293184853063,1.0636119285154,1.0741086440426646
0.2625,0.958755189149243,0.49325703078315203,0.05292470604200418,0.010696435496453448,1.075505414324931,1.072992993144157,0.9619446650308,0.48899999999999993,0.048433918466289,0.022440102667964,1.0509064687509,1.07352181410605
0.2675,0.948017126541301,0.4921084380115716,0.06665555049974843,0.013427162256930235,1.0588894926369314,1.0705699601248404,0.95248777982216,0.4885,0.060495064537958,0.022926803011787,1.0365462708329,1.0725538988258116
0.2725,0.936629944307801,0.49187146151657163,0.08129254954149844,0.016556749089680238,1.0414132286169315,1.0680176800948404,0.94199672516499,0.48875,0.073823434756782,0.024969240571669,1.0207022511703,1.0713009722668128
0.2775,0.925073651462994,0.49080496385687505,0.09627203777921171,0.019923180002445737,1.023696366859237,1.0641178345120497,0.93074955988168,0.4835,0.088342086141926,0.032045923905428,1.0038314166827,1.0701201029657805
0.2825,0.9133510089964941,0.48892248823537504,0.11158842355246155,0.023522588153045698,1.0057428354902371,1.0588924244470497,0.91883600928178,0.48625000000001,0.1036623931415,0.033153763998446,0.98606352420487,1.0684772658616786
0.2875,0.9014178832917016,0.48625289839155517,0.12711928774989198,0.0280908687721229,0.9877813251152434,1.0534746998625815,0.90654959493668,0.48250000000000004,0.11970863926616,0.038501788072922,0.96787692112743,1.0666995564627304
0.2925,0.8892777108097015,0.4828090451700552,0.14286112868289197,0.033612203533422896,0.9698119660037434,1.0478678005875814,0.89392402545548,0.4785,0.13622461154466,0.043986127070114,0.94932579344381,1.0647904276688958
0.2975,0.8771339182230766,0.48065653505837075,0.1587541672442647,0.03882099878875358,0.9519279208855153,1.0425427807467214,0.88111518187909,0.47775,0.15309222708085,0.050973817866312,0.93062913971745,1.0627354251582486
0.3025,0.8649865646355765,0.47977428490337076,0.17479593490126477,0.043722357224003604,0.9341277968790151,1.0374950382267212,0.86823216124884,0.47524999999999995,0.1703224445883,0.054347650233748,0.91197385294935,1.0601668648523417
0.3075,0.852921439143344,0.4775613876433599,0.19093962811589577,0.04939033110897683,0.9164528818985286,1.032100402147522,0.85527299794812,0.4705,0.18759972478209,0.064312815692282,0.89335390818369,1.057971910503907
0.3125,0.840937199246844,0.47403956812935993,0.20718358279739577,0.055812404272876835,0.8989011317150286,1.026364536077522,0.84239620680781,0.47025,0.20497724034977,0.066429905453572,0.87499928360975,1.0548582950291188
0.3175,0.8289788172421785,0.4707039254354088,0.22348550462055933,0.06217940865207041,0.881529216064555,1.019313384192801,0.82965048319154,0.46625,0.22238554557485,0.074047470548803,0.85696686003835,1.052097985311766
0.3225,0.8170458709596784,0.4675514199399088,0.23984444718305933,0.06849224332877041,0.8643341988730551,1.0109684205478011,0.81695450853525,0.46125,0.2396821334743,0.081965237717559,0.83915301033028,1.0489658121373537
0.3275,0.8051392997267085,0.46379280546366997,0.2562072542215526,0.07537315599468082,0.8473417256943425,1.0029471636093175,0.80443768086947,0.46025,0.25700525391379,0.088596562471169,0.82172610844031,1.0457595936280502
0.3325,0.7932586729302085,0.45943797766366995,0.2725738626425526,0.08281287190698082,0.8305484896873425,0.9952443283698175,0.79204988139462,0.4555,0.2742480471625,0.096668552767641,0.80461826025872,1.0424061393783883
0.3375,0.7814302790745689,0.45638690476120314,0.28898104806286834,0.09062406058597507,0.8140467943048437,0.9890636420756813,0.77978010383329,0.45625,0.29138358937291,0.10066316756441,0.78781221816066,1.0385870543508708
0.3425,0.7696532653770689,0.45461830096170314,0.30542814800086837,0.09880065717007507,0.7978318796998437,0.9843802533151813,0.76769758584308,0.45075,0.30846779203916,0.11307359462781,0.77139705516552,1.0352998809212013
0.3475,0.7581291418602383,0.45147457448378153,0.3218641375699779,0.1063685987659009,0.7818090750226764,0.9785798036348926,0.75575895337275,0.44499999999999995,0.32542280509792,0.12062029385754,0.75530649695216,1.0314401517494662
0.3525,0.7468537797047382,0.4469781763102815,0.3382891981639779,0.1133378225979009,0.7659752437846764,0.9716805307643926,0.74397444422206,0.446,0.34222316007694,0.12645027535028,0.73955267975978,1.027478327717232
0.3575,0.735621858807258,0.4430775439605849,0.3546606391519013,0.12133982767206096,0.7504237466251991,0.9645562089904594,0.73241369875457,0.44175,0.35897361237961,0.1323955402145,0.72422682295748,1.0233598155804484
0.3625,0.7244326699227579,0.43976295064558485,0.37097933595590143,0.130357752253561,0.7351499740081989,0.9572105125809592,0.72099062148707,0.438,0.37553381369598,0.13975526041172,0.70921114146617,1.0193347090846034
0.3675,0.7132967482952656,0.4366655636206838,0.38730189723614683,0.138900829332106,0.7201112752000963,0.9507995647474446,0.70971122205649,0.43524999999999997,0.39186565100267,0.15238044637788,0.6945091974191,1.0155495426244474
0.3725,0.7022132242552656,0.4337818366606838,0.4036282598991468,0.146976811520106,0.7053038122610964,0.9453081042884446,0.69868781048008,0.4345,0.40812867637176,0.15501005692034,0.68027063251667,1.0109007917231532
0.3775,0.6912657127252361,0.43028941493071116,0.4198923078846442,0.15506583631511894,0.6907688630850263,0.9392828914811016,0.68785500158172,0.429,0.4241902716485,0.16588095327558,0.66640295979132,1.0069641932692885
0.3825,0.6804519930927361,0.42619823630471115,0.43609505857514425,0.16316769077661894,0.6765019784675262,0.9327326406496016,0.67716175180743,0.4285,0.43989856729218,0.17309124824489,0.65282878763639,1.0025845102461008
0.3875,0.669817210070531,0.422852282116602,0.452098788745563,0.17141494615187156,0.6625923078363617,0.9258641388439263,0.66674106612888,0.42624999999999996,0.45536619173913,0.176480513027,0.6397321131238,0.9980813258103647
0.3925,0.659358442244531,0.420239385436602,0.46790674771056295,0.17980522854837155,0.6490340191263617,0.9186825819984263,0.65666941822022,0.42475,0.4705192487304,0.18809145845227,0.62720992033461,0.9940499045382467
0.3975,0.649215140696744,0.417660104015886,0.4831833412094733,0.1881351285057437,0.6360698595211937,0.9123580295621427,0.64693235586523,0.423,0.48499475873119,0.18763566343726,0.61523338617927,0.9893192356238847
0.4025,0.6393821549572439,0.415113889033886,0.49793724459697336,0.1964056318597437,0.6236901289536937,0.9068764896261426,0.63766849920973,0.42275,0.49856164627941,0.20286013455982,0.60397785415136,0.985624600353018
0.4075,0.6301852733528899,0.4126354217278975,0.5116216542192428,0.20479255255666443,0.6122936575036049,0.9018627786226442,0.62912791811588,0.41875,0.5110847927074,0.2062307322826,0.59376614608326,0.981160151520758
0.4125,0.6216141105098899,0.41022359601339753,0.5242540311992427,0.21329398990516443,0.6018643919606049,0.8973092585281441,0.62144000508447,0.4195,0.52215445820708,0.21066177763989,0.5847593029371,0.9770952213966793
0.4175,0.6139402165075979,0.40863249978024935,0.535158987354795,0.2208481475454708,0.5927240428634181,0.8942178743386301,0.61466551174054,0.41550000000000004,0.53139248399396,0.22111467848346,0.57702132049717,0.9734562246489914
0.4225,0.6071489420585978,0.40784873336324934,0.5443647254752949,0.22747049126897084,0.584851566677918,0.8925647544471301,0.6088735540537,0.419,0.53871302363368,0.22220839502493,0.57062162813776,0.9695262198005844
0.4275,0.6012621766600599,0.4068627582336059,0.5519348240795272,0.2336295809179998,0.5783164947478412,0.8906834031422737,0.60404076911881,0.41675,0.54430677822877,0.23013807413188,0.56553034372645,0.9663166720855012
0.4325,0.5962651528170598,0.40567787575810593,0.5578959874865271,0.23933297982449978,0.5730969919013412,0.8885775466512736,0.59996193859502,0.41974999999999996,0.54849268387658,0.23162562722543,0.56146324154325,0.962975309684448
0.4375,0.5918995786884335,0.4051921906732431,0.5624867110503324,0.24481706971126063,0.5686563628501179,0.8861602588498234,0.59635183528457,0.41974999999999996,0.55166881854087,0.23424546987566,0.55805402891268,0.9601459406538583
0.4425,0.5881551448909335,0.40539428751124307,0.5657293692993324,0.25008543113376064,0.5649818912871178,0.8834366243308235,0.59296698746058,0.42225,0.55423465740072,0.23839961002628,0.55498741285365,0.9577442586807801
0.4475,0.5847753073660816,0.40669586190259455,0.5681440635406216,0.2540712695452527,0.5619310097762323,0.8816290979739124,0.58967346888366,0.42025,0.55656617748096,0.24075617764466,0.5520824358594,0.9554060997557502
0.4525,0.5817541135215816,0.40907896319309456,0.5697443115541216,0.2567955240972527,0.5594935372552323,0.8807227229109125,0.5863869281407,0.42325,0.55882289725649,0.24491763456831,0.54925016615183,0.9537503843423947
0.4575,0.5786000101137884,0.4109723160156068,0.5714315102798649,0.2597130024547139,0.5570112595433162,0.880623796034026,0.58305872757554,0.42874999999999996,0.56106857536404,0.24405550744782,0.54641778912607,0.9521176249724213
0.4625,0.5753151670947884,0.4123839162636068,0.573204240114365,0.2628205499432139,0.5544849081538162,0.881319134515526,0.57964528196598,0.42700000000000005,0.56334767274169,0.25154040968716,0.54354194451244,0.950739228021961
0.4675,0.5719098263004647,0.4143566327607351,0.5752383051464488,0.2661580337610017,0.5518253687315529,0.881392519664135,0.57613243198856,0.43025,0.56565496356358,0.25407148904915,0.54061276697682,0.9499914989152713
0.4725,0.5683859550414648,0.4168813044252351,0.5775294386789489,0.2697216998455017,0.5490348157750529,0.880854105820135,0.57256922745973,0.435,0.56790099832779,0.25425182446336,0.53769292519433,0.9491227074569202
0.4775,0.5649665496649418,0.41988796719052535,0.5795114141221565,0.27232697585291776,0.5464271661999027,0.8806507647879359,0.56894990808678,0.43574999999999997,0.57006484606881,0.25729482676075,0.53479823983413,0.9487110390235015
0.4825,0.5616499046054417,0.42336875181402533,0.5811892789551564,0.2739895089684178,0.5439994338284027,0.8807770259909359,0.56526610835293,0.44025,0.57225729546602,0.25878615736932,0.53190437393165,0.9489632142945772
0.4875,0.5582572373445331,0.42726222838820926,0.5826333429831274,0.27590854668606896,0.541663766917444,0.8809555712825792,0.56148933420578,0.43975,0.57444513346127,0.25936071426744,0.5289922534156,0.9489494210544722
0.4925,0.554789789061033,0.43156165908520927,0.5838474233621274,0.27807990117556897,0.539418662357444,0.8811855470450792,0.55760735351687,0.44475,0.57665685584473,0.26311785219092,0.52604770853333,0.949461944551975
0.4975,0.5510911712258737,0.4359340090369406,0.5852320237494665,0.2799406483972475,0.5370280943698744,0.8811422816136872,0.55363570633094,0.44575000000000004,0.57881254690716,0.26615555553208,0.52310275229654,0.9502761319219946
0.5025,0.5471651580358738,0.44037808772494047,0.5867843601449665,0.28149585949024747,0.5344944378678745,0.8808302360691872,0.5495504539538,0.4505,0.58095911680093,0.26445101532712,0.52013212371783,0.9516679774352353
0.5075,0.5433224072572884,0.4437904365353485,0.5881434727350052,0.28334380464912745,0.5320632809118748,0.8809578315137747,0.54533491404608,0.45399999999999996,0.58315363781792,0.26800784224843,0.51712137032835,0.9533021095936803
0.5125,0.5395615595037884,0.4461879000378485,0.5893125161940053,0.28547970454212745,0.5297329500398749,0.8815178901352748,0.54100371001011,0.4605,0.58536592685753,0.26627747554671,0.51409561598615,0.9552323134942288
0.5175,0.5358669079527092,0.4500163392652637,0.5902071818484084,0.28692193097202695,0.5275143252598538,0.8810518166865703,0.53656181698845,0.45849999999999996,0.58753531433209,0.27338771165747,0.51107502751416,0.9571630375508955
0.5225,0.5322373718497092,0.4552523913482637,0.5908319493359084,0.28768180922002695,0.5254055827988537,0.8795763643445703,0.53198443106221,0.46299999999999997,0.58970178977316,0.2668038679868,0.50802870286663,0.9599389275771539
0.5275,0.5284226932425555,0.4605592940542046,0.5915398030601625,0.2887899733781062,0.5232029335682176,0.8797899153877644,0.52723590835884,0.4685,0.59193054938009,0.27482959569464,0.50491617957105,0.9626268312054862
0.5325,0.5244258948660556,0.46593589063820456,0.5923293865111625,0.29024073714560616,0.5209079107397177,0.8816648942502644,0.52232913796307,0.47150000000000003,0.59417079417139,0.27627827805008,0.50177003060483,0.9660794530498756
0.5375,0.5202765349285388,0.4710363249391868,0.5931687250919938,0.2913654357408075,0.5185650138719782,0.884213201245533,0.51728189966065,0.477,0.5963863992636,0.27257998520608,0.49862388129606,0.9703011058216161
0.5425,0.5159771042310387,0.4758651057291868,0.5940570064739938,0.29216939267680747,0.5161750245819782,0.8874238432610331,0.51206386778492,0.48025,0.59861979218994,0.27885202390376,0.49544622941007,0.9739879109818992
0.5475,0.511570621862332,0.48069130073020494,0.5949216179399364,0.29300619765963254,0.5137574156535385,0.8913910133071516,0.50666106796153,0.483,0.60092885081144,0.28114720882444,0.49221939191954,0.9786460427051854
0.5525,0.507058835604832,0.485514952159205,0.5957629459374364,0.29387531439463255,0.5113126380195384,0.8961023599056517,0.50109575221547,0.48575,0.60318711658955,0.2768953499503,0.48899049304285,0.98430391209893
0.5575,0.502273472853296,0.4904844420971634,0.5967071656112506,0.29507291159964755,0.5087917529384971,0.9029396230126407,0.49534479968126,0.491,0.60546360822458,0.28231807313878,0.48573093778439,0.9896713304771549
0.5625,0.497219000162796,0.49559738950716337,0.5977525970972506,0.29659362632814756,0.5061960029809971,0.9118680937866407,0.48937696280709,0.49500000000001,0.60778809584975,0.28068762023099,0.48241696523668,0.9960164768755915
0.5675,0.4917606272044527,0.5004843389439718,0.5987154254065943,0.29779214036059426,0.5036763604705384,0.9235357961610166,0.48317618852336,0.49775,0.61018731853029,0.28164027384991,0.47903953004445,1.0028620549184284
0.5725,0.48590494826845265,0.5051489801704718,0.5995969991625942,0.2986737141165942,0.5012315828365385,0.9378980079865166,0.47677798308201,0.50075,0.61255522404994,0.28243482979647,0.4756527873765,1.0102931218650517
0.5775,0.47942143972295603,0.5102263133479078,0.6005887104878055,0.29929540185353937,0.4987505927882387,0.9548785160423673,0.47014555317743,0.505,0.6149899667267,0.28192661504892,0.47221888465979,1.0185063270418109
0.5825,0.47232035184745597,0.5157096006484079,0.6016887612178055,0.2996614466085394,0.49623398154873866,0.9744345726343675,0.46329357307319,0.5105,0.61740450636387,0.2867471042915,0.46877098214679,1.0267049937132222
0.5875,0.4645355813164698,0.5218124430332595,0.6032308114034313,0.29980045339181366,0.49350316467151145,0.9950817754239001,0.45617936242223,0.5135,0.61986752370453,0.28454375201621,0.46526757522088,1.0363817688694132
0.5925,0.45607829029596986,0.5285247253172595,0.6052076447269313,0.2997161289458136,0.4905616393915115,1.0168023097789,0.44878233393998,0.5217499999999999,0.62237775480981,0.2867934158849,0.46169620851452,1.0460561062755698
0.5975,0.4471503856470061,0.5336338183181079,0.6072250550499991,0.30001535375418226,0.48764343736113885,1.0414884885716138,0.44107398727663,0.52325,0.62497220267913,0.28792574342474,0.45804885057885,1.0569400028241918
0.6025,0.43775955085750606,0.5371658965551078,0.6092823798909991,0.30069186578818224,0.48474817779263885,1.0690918931166138,0.43308461531102,0.52775,0.6275932882473,0.28692968972768,0.45436332745726,1.0691521129951729
0.6075,0.4276902049907357,0.5410904975876246,0.611534860775835,0.30104955854278054,0.48172218527058863,1.0966330113973057,0.42485012671519,0.5315,0.63018686809323,0.28892034771794,0.45066823268857,1.0821278429454557
0.6125,0.4169534257787357,0.5454012128801246,0.6139793114833351,0.30109363723078053,0.47856759421058864,1.1241128603323056,0.4162962472391,0.532,0.63288064986871,0.28815233120751,0.44688462840371,1.0961743278699805
0.6175,0.40528783109802985,0.5497662297447713,0.6167000722330505,0.30137441508086754,0.47528104265705373,1.155748612349766,0.4072918669276,0.541,0.63561949934918,0.28623407024787,0.44302378917629,1.11147402387292
0.6225,0.3927085852830298,0.5541846616252712,0.6196926318405505,0.3018880276168675,0.47186468506705376,1.191472415969766,0.39751563157214,0.54325,0.63836610166146,0.28796849728388,0.43910365081643,1.1275849426353957
0.6275,0.3792408623106668,0.5587091108618388,0.6224509075836797,0.3019195467570155,0.4684280730760019,1.2265942706029107,0.38640616747835,0.54925,0.64109116040479,0.28793782637216,0.43512283210814,1.1464119515828897
0.6325,0.3648991679306668,0.5633378465588389,0.6249787245051798,0.3014768434140155,0.46497153736800195,1.2611240039879106,0.37322189904542,0.5495,0.64376395925924,0.28886031761824,0.43106744029122,1.1657026522110072
0.6375,0.34988723699854146,0.568350313368263,0.6272118751226772,0.30086168782455375,0.461376903469064,1.2952222799817048,0.35717841012865,0.5575000000000001,0.64608354117852,0.2894251662141,0.42692898144847,1.1877025733034612
0.6425,0.33421601215204144,0.5737402462922631,0.6291551703146772,0.3000768955355538,0.45764642604356404,1.3288961427867048,0.33807830815564,0.5595,0.64785481185207,0.2835871239244,0.42269921178579,1.210177754891753
0.6475,0.3190691853484563,0.5781072410217637,0.6306806190264503,0.2990104795495641,0.45386500573024907,1.35806902752556,0.31894316922199,0.565,0.64873061751802,0.28788363381577,0.41835408677678,1.2302955379779033
0.6525,0.30443819498695635,0.5814679985887637,0.6317950432414504,0.29766703780456416,0.45003347424974904,1.38281441955556,0.3035389332331,0.56775,0.6484811398543,0.28421192125783,0.41389364811879,1.2481780719290607
0.6575,0.2918980737455614,0.5850557884448505,0.632306126122749,0.2963627238800988,0.44614854480196875,1.4028060513161944,0.29171061850253,0.57,0.64753542302904,0.28344081340282,0.40941763406538,1.2618510154932212
0.6625,0.2814146849850614,0.5888669039403506,0.6322237181412489,0.29509689895459884,0.44221108919046875,1.4181215352211947,0.2827491303027,0.57275,0.64595419532686,0.28543228720712,0.40489846997558,1.2722395398320219
0.6675,0.27314731754025817,0.5921355208685507,0.6315911053725305,0.29329632714660964,0.43821041529634774,1.4328405258734458,0.27587115433237,0.57675,0.64384787155333,0.28042428023293,0.40032369154863,1.2793254298680883
0.6725,0.26705979147075815,0.5948704963490508,0.6304172707520305,0.29096973901760964,0.4341475552548478,1.4469727619384458,0.27039612970837,0.57975,0.64132156108973,0.27657129908457,0.39567993372701,1.284519724482757
0.6775,0.2622186157794632,0.5969217891738127,0.628856988519852,0.2876978034185387,0.4299128396870713,1.4548004462011717,0.26584740251783,0.5815,0.63851272888093,0.27752050493739,0.39100311368839,1.286644074668544
0.6825,0.2586034418884632,0.5983005615088126,0.626916568024852,0.28349595459403865,0.4255090743975713,1.4564265101211717,0.26190249475024,0.58175,0.63545114491808,0.27242659855013,0.38629943101492,1.2877875317963183
0.6875,0.25537148195193976,0.5997858683575759,0.6247099817373395,0.27942404877881405,0.42104822852260126,1.4583780993229507,0.25831472509114,0.58450000000001,0.63214458042807,0.27191152812652,0.38154452685367,1.2877033580224897
0.6925,0.25251647941543975,0.6013759703810758,0.6222415752213395,0.27547996445431405,0.4165312339901013,1.4606498991079506,0.25497524701762,0.58825,0.62866455423302,0.26880805276401,0.37675350110595,1.2861657124461012
0.6975,0.24969871224310075,0.6018247050665432,0.6197350070037401,0.2711866281007995,0.41192524284588755,1.463428627231028,0.2517919704229,0.58975,0.62486732389962,0.26463976660014,0.37193358914363,1.2841739397865262
0.7025,0.24691757251060073,0.6011507069830432,0.61719090013274,0.2665497417922995,0.40723170809588755,1.4667060073110278,0.24871439971882,0.58825,0.62085866794231,0.26364373994584,0.36707254967471,1.2815772035757353
0.7075,0.24410385183445985,0.6009830064183251,0.6144849683243229,0.2615800274781975,0.402457769510538,1.4680920673157418,0.24571362578764,0.5885,0.6166275187356,0.25345826282139,0.36217518225479,1.2783783307985042
0.7125,0.24125808214845984,0.6013133372903252,0.6116198536183228,0.2562829190851974,0.39760473980553795,1.467617685940742,0.24275207355752,0.59075,0.6121013845175,0.25535313457292,0.35722406187762,1.2746986541674135
0.7175,0.238425241408125,0.5998842972135318,0.6085011326672296,0.2502240258374784,0.39263693515973147,1.4653661001947393,0.23982520700995,0.58875,0.60736620619261,0.24563920092373,0.35222951530815,1.2703307945583389
0.7225,0.23560511852862498,0.5967246106120317,0.6051329459812296,0.24341578503897834,0.3875562294497315,1.4613663256597393,0.23692517836993,0.58975,0.60233359515099,0.24330023235964,0.3472181700554,1.2659504737644793
0.7275,0.232818610908409,0.5942243002477741,0.6013300057317447,0.23643460893442295,0.3823816169700954,1.455727103962396,0.23403761050376,0.58575,0.59707219920203,0.23762753358517,0.34216645915118,1.26118299277536
0.7325,0.230065169726909,0.592372600794274,0.5970994099362447,0.22928332095742293,0.37711463089259534,1.448475201587396,0.23114878695977,0.58775,0.59150555966618,0.2285944648365,0.33707381570711,1.2559630483171307
0.7375,0.22730655696719335,0.5901842315914987,0.5925601391112979,0.2216905165841387,0.3717390075716919,1.4411655593944361,0.22825833780921,0.5862499999999999,0.58563557456566,0.22447158290333,0.33194754935717,1.2503849401888543
0.7425,0.22454285706319332,0.5876646892884987,0.5877172328492979,0.21366340424563873,0.36625652067669195,1.4337991200744362,0.22535468043439,0.587,0.57941832386709,0.22064747946254,0.32678322225711,1.2450630089706567
0.7475,0.22177864000124572,0.5842985596123124,0.5825453630576891,0.20514936791635813,0.3607181807359546,1.4260348670354568,0.22243184570605,0.5810000000000001,0.57288185494265,0.21108429564111,0.32156208379164,1.2390425629082296
0.7525,0.2190139142247458,0.5800996643978125,0.5770499005696893,0.19615635737585832,0.3551248996359547,1.417879295195457,0.21949271357129,0.57875,0.56593966193567,0.20718414775875,0.31630861416352,1.2333925340983447
0.7575,0.21622695066154038,0.5759286957064332,0.5711887620290101,0.1863759598264592,0.34944569077256443,1.4070535976833665,0.21652316662334,0.5772499999999999,0.55863774878928,0.19503779743594,0.31099599175525,1.2268639833094719
0.7625,0.21341811237754038,0.5717851975949332,0.56496791765701,0.1758210305664592,0.3436819570480644,1.3936013683883666,0.21352305278594,0.5754999999999999,0.55091636783419,0.18841424279771,0.30563483025383,1.220800871875118
0.7675,0.21054876662677874,0.5673541597280889,0.5583659393281057,0.16518832872473144,0.3378666666658831,1.3803028088453404,0.21048952212044,0.5722499999999999,0.54273639776701,0.18105635598471,0.30022362313709,1.214370363365143
0.7725,0.20761990128627875,0.562640276632589,0.5513890496376058,0.15447912405773145,0.3320006613673831,1.3671554101603403,0.20741936536947,0.56525,0.5341082075271,0.17078846836855,0.29476126404477,1.2077647348076987
0.7775,0.2046827614206337,0.5574609514868409,0.5436740450086963,0.14369166374915796,0.32603522537171026,1.352700454616639,0.20430914602269,0.56275,0.52495174896499,0.16020441867274,0.289245568508,1.2011099674247674
0.7825,0.2017374821241337,0.551823783344841,0.5352329762976963,0.13282722544215797,0.3199719820372103,1.336959290081639,0.20115085482169,0.55875,0.5152964532437,0.15291825641637,0.28366483288384,1.194793987973544
0.7875,0.19869135705003374,0.5464674319066308,0.5257745842490135,0.12070876463538818,0.3137749369000805,1.3206516388150873,0.19794774413619,0.5557500000000001,0.50499315295535,0.14087388447268,0.27802804112959,1.1879140838692088
0.7925,0.19554603266003373,0.5413873124096308,0.5153154782235135,0.10735675516588816,0.3074462744795805,1.3037867495800872,0.19468778704238,0.55,0.49403255468891,0.12973597828925,0.27231076892572,1.1812751770588024
0.7975,0.1922274603961542,0.5365254335181209,0.5042467510906025,0.09473803003956659,0.3010672829408798,1.287761133625644,0.19136958387857,0.54775,0.48233201812119,0.121866221946,0.26651465732918,1.1747977744282554
0.8025,0.1887384687951542,0.5318782321201209,0.4925783558481025,0.08284061726696659,0.2946387839838798,1.272561088530644,0.18798443331251,0.5417500000000001,0.469850725979,0.10875575468026,0.26063246680971,1.1680269421109162
0.8075,0.18510984457880253,0.5270298563251207,0.4790245793199828,0.07119053096580057,0.28787884936913294,1.2571118983884937,0.18454335271868,0.536,0.45652182721212,0.097122938408987,0.2546872225049,1.161175597844487
0.8125,0.18134386746330253,0.5219835906131206,0.4636162032419828,0.05978373315280057,0.2807928902911329,1.2414176308734937,0.18106121421922,0.53250000000001,0.44248672725212,0.084340214091174,0.2487040478329,1.1545059509116418
0.8175,0.1767469211416089,0.5175573971431677,0.44003349405762915,0.048418478458076813,0.27197364547811337,1.2266849359432324,0.17749099166525,0.5255000000000001,0.4273763497826,0.071286307187599,0.24260445655394,1.1480251371110095
0.8225,0.1713325724581089,0.5137411522866677,0.40840991026862916,0.03709408862662681,0.26144941347311335,1.2128981144532325,0.17336389415013,0.524,0.40725105461077,0.06123712540784,0.2354954485906,1.141303368171114
0.8275,0.1639039457295287,0.5098499195441502,0.3559084942578667,0.027193903162099346,0.24684054387374849,1.2005666092060054,0.16708748784636,0.518,0.36840079560524,0.044193211832423,0.22438905035152,1.1348605950809243
0.8325,0.15449392712852858,0.5058849232076501,0.2828701085973659,0.018694669747949255,0.22821372464174827,1.1896666599360053,0.15576669330558,0.512,0.28314835452373,0.035207846823659,0.20401514652304,1.1294030858725292
0.8375,0.14511969584943626,0.5034108929048794,0.20153179435684823,0.01191454853443561,0.20973414876937552,1.1812840758738794,0.14063128282559,0.5077499999999999,0.15268081562227,0.022907760344264,0.17703894427043,1.1252596909470285
0.8425,0.13578066760943627,0.5024034863328795,0.11202906057639822,0.00682547238316561,0.1913994122833755,1.1753777571788795,0.13150825380735,0.50575,0.066204064684902,0.015933427055479,0.1611869843139,1.1231673395736954
0.8475,0.12973567618882656,0.5017746392945838,0.052345928774820444,0.004465102818049342,0.17952466364786862,1.1718528650586093,0.12774769190613,0.5045,0.029176586157501,0.013247872023889,0.15478411257872,1.1221507584354011
0.8525,0.12693094139382657,0.5015181712260838,0.02199554830022045,0.004788889526804342,0.17400443367186863,1.1706705190786093,0.12632145446721,0.5045,0.014850303819169,0.012865425190396,0.15236586848624,1.1216906892138492
0.8575,0.12541025778321946,0.5008976240431352,0.005511342886714681,0.004078397508815134,0.1710332507873681,1.1697823279300759,0.12577243259855,0.50275,0.0091778905882601,0.0076446899028238,0.15142158836119,1.1211794931364565
0.8625,0.12515266125571947,0.49991894189463526,0.0026669259992796804,0.002350512947630134,0.1705694978983681,1.1691834890850759,0.12553688066079,0.50275,0.0066486283581865,0.0081433270126724,0.15100741860218,1.1210091919820264
0.8675,0.12501923432383674,0.49934726296065596,0.0011135822765580281,0.001201768438516636,0.1703349880060478,1.1690274737358097,0.12541742622977,0.50225,0.005269411081952,0.0064808412233319,0.15078476092289,1.1207889634561765
0.8725,0.12500794972883675,0.499175942290656,0.0008302329726855282,0.0006227086335431358,0.1703259783675478,1.1693070521108095,0.12534195054541,0.50225,0.0043906359893569,0.0067876310099249,0.15064035327147,1.1206669938675065
0.8775,0.12498296045112414,0.49935370315840505,0.0006434955717362141,0.0005157911981564457,0.1703392485703057,1.1692101850492918,0.12528636451262,0.5015,0.003712285630096,0.0035980076899346,0.15053171619862,1.1204687999617318
0.8825,0.12494449024062414,0.49987484627340506,0.0005517927364957142,0.0008733076853899458,0.1703744348618057,1.1687430185992917,0.12524178473677,0.50175,0.003154288949696,0.0051233280643602,0.15044422296229,1.12040098208296
0.8875,0.12493575660568339,0.49977436567276723,0.0005380074009629057,0.0008332178861425936,0.1703889984902836,1.1682058369340051,0.12520520582242,0.50125,0.0027046506111075,0.0037502964268594,0.15037262134454,1.1202972194634988
0.8925,0.12495627405118338,0.4990624103152672,0.0006008674426744057,0.00040201333172009356,0.1703832761522836,1.1675997831590053,0.12517512444474,0.5005,0.002323027301754,0.001771220762743,0.15031223524362,1.1201754649160647
0.8975,0.12498118733835573,0.4988701985801619,0.0004937388411923715,0.00030629361019852665,0.17037061821615515,1.1676229570262644,0.12515231067591,0.501,0.0020218481608921,0.0030360451452269,0.15026228158119,1.1201535488247345
0.9025,0.12501042469835572,0.49918924485716193,0.00021939692134547155,0.0005405814181010267,0.17035113791615517,1.1682650854312644,0.1251270364665,0.50075,0.0017218617357738,0.0025631531647309,0.15021495465495,1.120092951465089
0.9075,0.1250168553977819,0.49980979415081456,0.00010069677710788856,0.0005607289431744642,0.17036283711896252,1.1691599960369645,0.12510830007367,0.5005,0.0014653595736214,0.0016570309076509,0.15017517715216,1.1200203305517118
0.9125,0.12500085179028192,0.5007269239628146,0.00013509731822728858,0.00037023235335446425,0.1704052067714625,1.1703035617869646,0.12509500862367,0.501,0.0012923503312452,0.0023764885607323,0.15014740718246,1.1199875701497073
0.9175,0.12502823772488092,0.5006407675785429,0.00016915971768661472,0.0006491729998367384,0.1704072517522137,1.1702523224534316,0.12508151914517,0.5002500000000001,0.0011075191130557,0.00093978945212389,0.1501180617149,1.1199238059891814
0.9225,0.12509830480088094,0.49956770518104293,0.00020288949616611475,0.0013898866010967385,0.1703696304232137,1.1690257850584316,0.12506888260735,0.50075,0.0009626140059981,0.0015388716851403,0.15009405237303,1.1199173014929493
0.9275,0.12513242940771496,0.49985787083194255,0.00018903791245570173,0.0018566571516211053,0.17038098791911174,1.168695351474191,0.12505979198471,0.5002500000000001,0.00082971699123523,0.00091407396673705,0.15007397350702,1.1198728786748147
0.9325,0.12513119836121495,0.5014890077464426,0.00012838180513345172,0.0020539571910811053,0.17044052458561174,1.1692463914341908,0.12505185783808,0.5002500000000001,0.00072821657338076,0.00096853720066823,0.1500569512091,1.119859401786301
0.9375,0.12513162221964313,0.5017600195592203,1.169079411578774e-05,0.0013553267487798992,0.17046262129807932,1.1695314645109274,0.12504424953528,0.50050000000001,0.00062895206683507,0.0014450489271439,0.15004109706188,1.1198283441409946
0.9425,0.12513367396414316,0.5006931123947204,-0.0001601202650129623,-0.00022460673862510078,0.17044788932107932,1.1695549130209273,0.12503757452771,0.5002500000000001,0.00053067249901839,0.0007710897626285,0.15002683880199,1.1198154199635706
0.9475,0.1251391389503411,0.4998423772046761,-0.00032096587315967026,-0.0009480757066136832,0.17043094777326628,1.1686968063318468,0.1250323407949,0.5002500000000001,0.00045867341293155,0.00082317541360577,0.15001565098902,1.1197942395288307
0.9525,0.1251479614518411,0.4992042846506761,-0.0004710250580981703,-0.0008290632495911831,0.1704118327292663,1.1669715371818468,0.12502872189659,0.5,0.00040031196685506,8.0142715764417e-05,0.15000645034207,1.119768875428772
0.9575,0.12515130208035688,0.4989095848980099,-0.0006865871132185897,-0.000635514709464501,0.17040597511140476,1.1662451214474028,0.12502463962396,0.5002500000000001,0.00034584282324348,0.00070902383549269,0.14999909926207,1.1197486657936087
0.9625,0.12514925033585686,0.4989526715335099,-0.0009665826038895927,-0.00036864700189449806,0.17041315847190477,1.1665012513174027,0.12502269667088,0.5005,0.00029532233609801,-4.3289822324333e-05,0.14999396145759,1.1197840716275378
0.9675,0.1251238230571667,0.499581180836382,-0.0011233496123816274,-0.00011327611077225066,0.17044163964233025,1.167543915737706,0.12502050649271,0.5002500000000001,0.00023684784818735,0.00085090740088586,0.14998836689452,1.1197684186855903
0.9725,0.1250754018856667,0.5007855548853819,-0.0011589000323116276,0.00013078566703074934,0.17049107090333024,1.1693602733277062,0.1250170258936,0.5002500000000001,0.00018611002818259,0.00075816819123416,0.14998244890327,1.1197480758478737
0.9775,0.1250669052991511,0.5013331384858694,-0.0011559506089291848,-0.00023086088054324107,0.17051269839503153,1.1703955520964673,0.12501487485894,0.5,0.00015172781352734,2.9946358586547e-05,0.14997752422861,1.11972987121921
0.9825,0.1250976814676511,0.5012346547473694,-0.0011151299111141848,-0.0011883266378287412,0.17050697605653153,1.1706625043514673,0.12501277526566,0.5,0.00013447883446189,2.365833751958e-05,0.14997446257169,1.1197276289716909
0.9875,0.12510813333296958,0.5011077273283052,-0.0009373618409027283,-0.0010245629557393185,0.17051518629132545,1.1704866331107333,0.12501106429968,0.5,0.00011058391519863,1.7519280286717e-05,0.14997083791241,1.1197253860993555
0.9925,0.12509859272046958,0.5009528206153052,-0.0006248822737962283,0.00024212437868368166,0.17053710162882546,1.1698751681457333,0.12500927265663,0.5,8.9741303450068e-05,1.1724770355921e-05,0.1499672616723,1.1197236263125672
0.9975,0.125093861676,0.500876004735,-0.000469928414407,0.000870255340736,0.170547969111,1.16957195198,0.12500667805087,0.5002500000000001,6.1466512608675e-05,0.00079859373046966,0.14996267933001,1.119724747125221
