x,rho_g,rho_p,u_g,u_p,p_g,T_p
0.004979218107,0.999784363903,0.500186618567,0.00010060312271,0.000477955019446,1.14065326644,1.08512485204
0.0149796296296,0.999655103996,0.49899660673,0.000224790034384,0.0012669635308,1.14067518178,1.08455848036
0.0249790123457,0.999726915056,0.499958874922,0.000256220055239,-6.26796685643e-05,1.14066300659,1.0831966631
0.0349794238683,0.999696138887,0.500943712305,0.000245104560059,0.0017154162674,1.14080423877,1.08596358717
0.0449794238683,0.999821295305,0.501801341525,0.000348402006651,0.000721920974015,1.14088946508,1.08785389775
0.0549794238683,1.0000880221,0.500592863987,0.000338628036751,0.00108719914323,1.14086754974,1.08522044981
0.0649794238683,1.00007160814,0.49825182346,0.000276534580914,0.000720387802266,1.14095521109,1.08384600643
0.0749794238683,0.999966969167,0.499148435827,0.000160396820923,7.28143847585e-05,1.14090651034,1.08321470041
0.0849794238683,1.00003057325,0.499464404487,0.000176878417226,0.000662127275802,1.14101852207,1.08518978637
0.0949794238683,1.00029524829,0.499156642805,6.01657178288e-05,-3.04830618342e-05,1.14085780959,1.08495169382
0.104979423868,0.999979279635,0.500541570374,1.22541006708e-05,8.33549405332e-05,1.14101365199,1.08558660729
0.114979423868,1.00016804013,0.498461101404,8.41215264078e-05,0.000387306239784,1.14085537456,1.08406966913
0.124979423868,0.999993641847,0.499224350375,5.03917479285e-05,0.00110904684065,1.14094060087,1.0845837326
0.134979423868,0.999938244744,0.500951919283,0.000153689194521,0.000313139056423,1.14097225636,1.08464866693
0.144979423868,1.00041014599,0.500020427259,0.000160396820923,-0.000678823065216,1.14072144749,1.08429513556
0.154979423868,1.00006750465,0.498459049659,0.00010060312271,0.000138740769968,1.14070196719,1.0831281213
0.164979423868,0.999663310975,0.499090986979,0.000203900569303,0.000903793472747,1.14055829998,1.08417248182
0.174979423868,0.999550465025,0.501175559439,0.000226323206133,-0.000177092610338,1.14030992616,1.08542607519
0.184979423868,0.999228341131,0.49881605321,0.000380598613381,0.00261002198298,1.14030505608,1.08468654529
0.194979423868,0.999513533623,0.500313826729,0.000593901132969,0.00282773237134,1.14030018601,1.08520241249
0.204979423868,1.00000800406,0.498961727073,0.00063433853785,0.00208893523477,1.14028070571,1.08298562651
0.214979423868,0.999782312158,0.499755752212,0.000683016740883,0.0024534468181,1.14015895384,1.08373056761
0.224979423868,0.998895958514,0.498840674145,0.00141893918043,0.00291761456513,1.13949175357,1.08358266163
0.234979423868,0.997008353531,0.498257978693,0.00460659489319,0.0050115438814,1.13547394172,1.08168152866
0.244979423868,0.98918710332,0.497939958289,0.0142404712248,0.00564704357139,1.1234935573,1.08192142495
0.254979423868,0.973913916916,0.496378580689,0.0336575164872,0.00719899667437,1.09918214306,1.07643988501
0.264979423868,0.953757578491,0.492227901471,0.059276816414,0.0118494898822,1.06769954343,1.07185660335
0.274979423868,0.930983214024,0.491753948481,0.0885508144975,0.0181086635477,1.03274701539,1.06675204329
0.284979423868,0.907537929091,0.487988997238,0.119183586044,0.0253074798489,0.996839952652,1.05630122316
0.294979423868,0.883257584127,0.481101290795,0.15066726791,0.0363501493715,0.960901234429,1.04508742461
0.304979423868,0.858962876952,0.479336790485,0.182750803224,0.046152866242,0.925300986416,1.03499193957
0.314979423868,0.834994397159,0.472293151457,0.215238712587,0.0589970125698,0.890197486049,1.02352020743
0.324979423868,0.811128504594,0.465988140466,0.247956597712,0.0716226819232,0.855807451666,1.00683028014
0.334979423868,0.787367251001,0.457278484866,0.280689814554,0.0865021137478,0.822220979652,0.991424609661
0.344979423868,0.763813223606,0.453741277267,0.31358401443,0.102855306916,0.789791150442,0.98205783214
0.354979423868,0.741262499295,0.44474848092,0.346434135618,0.11679375458,0.758123487966,0.968259286399
0.364979423868,0.718884121526,0.43811929429,0.379071529226,0.134829603743,0.727575942732,0.95356789358
0.374979423868,0.696717073446,0.43235184037,0.411724254552,0.150981568119,0.697961016854,0.942584972662
0.384979423868,0.675089634181,0.424169483118,0.444129755933,0.167185277042,0.669427247619,0.929484470999
0.394979423868,0.654172098529,0.418943689758,0.475745673863,0.183965841835,0.642310670199,0.915121357308
0.404979423868,0.63450612705,0.413851259794,0.505253480638,0.200506848543,0.617551209064,0.904158277436
0.414979423868,0.617363801364,0.409027608365,0.530518234598,0.21750972324,0.596692677978,0.895051237247
0.424979423868,0.603781252466,0.407460075531,0.548929710839,0.230754410687,0.580947725607,0.891744997464
0.434979423868,0.59378720478,0.40509031058,0.560852037653,0.2421612085,0.570508719914,0.887533284482
0.444979423868,0.586298337185,0.405494504256,0.567337354151,0.252697931345,0.563159776788,0.882086015444
0.454979423868,0.580255949496,0.410260706837,0.570537850178,0.258146440449,0.558284831746,0.880273265318
0.464979423868,0.573686263458,0.413083907333,0.574083309847,0.264361535426,0.553232128967,0.881663942281
0.474979423868,0.56663852094,0.418133250662,0.578665576912,0.271488867595,0.547651023054,0.880587114593
0.484979423868,0.560005230821,0.425094819909,0.582021306578,0.274813933826,0.542795558311,0.880839636999
0.494979423868,0.553070334254,0.433693681303,0.584449467336,0.279156642805,0.538305349191,0.881299588524
0.504979423868,0.545218307874,0.442581838679,0.587554140127,0.282267064991,0.533238036187,0.880675497435
0.514979423868,0.537696612367,0.447376765684,0.589892227045,0.286538864777,0.528577374443,0.881795614678
0.524979423868,0.530437540161,0.45784886985,0.59114176202,0.288058621273,0.524359889521,0.878844709994
0.534979423868,0.522443943408,0.468602063018,0.592720928922,0.290960148808,0.519769843864,0.882594667719
0.544979423868,0.513845082013,0.478259624598,0.594497491686,0.29256806268,0.514989865284,0.88901595175
0.554979423868,0.504821509498,0.487906927456,0.596180147681,0.29430629615,0.510100310016,0.898438644947
0.564979423868,0.494712564117,0.498132822276,0.598271010653,0.297347725607,0.504908810101,0.916295586495
0.574979423868,0.483001206245,0.507462104729,0.600034158165,0.299110873119,0.500019254833,0.945020010146
0.584979423868,0.468799030494,0.51842867933,0.602234259625,0.299842962629,0.494986032354,0.98413212333
0.594979423868,0.451884448453,0.531853243898,0.606187926272,0.299674313737,0.489102981794,1.02757319204
0.604979423868,0.433102778874,0.538917400372,0.610302575954,0.301027337805,0.483312462657,1.08278000113
0.614979423868,0.41162922045,0.547538830957,0.615191477369,0.301115495181,0.477003280537,1.137739699
0.624979423868,0.38647072882,0.556375694718,0.621176596584,0.302142720253,0.470170565357,1.20918730624
0.634979423868,0.35778734006,0.565633166112,0.626232230427,0.301257313567,0.463257493941,1.27824677301
0.644979423868,0.326444890367,0.57641303196,0.630118820811,0.299687728989,0.45579653909,1.34559449862
0.654979423868,0.297182909644,0.583134547094,0.632347669241,0.297000845499,0.448133476129,1.39508528268
0.664979423868,0.276216132123,0.590756778085,0.632182853278,0.294469195648,0.440258564906,1.42571625049
0.674979423868,0.264041079984,0.596226729046,0.629835184037,0.28981601939,0.432132844823,1.45398072262
0.684979423868,0.256810732202,0.598984273716,0.625954343047,0.281412321741,0.423325314244,1.45723285046
0.694979423868,0.251100727129,0.602164477763,0.621017530015,0.273524153092,0.414291325179,1.46177645003
0.704979423868,0.245538447664,0.600816481596,0.615929316273,0.264250380475,0.404904255679,1.46833121019
0.714979423868,0.239846908292,0.60147714334,0.610199086861,0.253656163689,0.395198196269,1.46738244744
0.724979423868,0.234206662533,0.595157770137,0.603462713489,0.240039682092,0.385036784849,1.45938289837
0.734979423868,0.22869978017,0.59145437123,0.595001521898,0.225737106138,0.374502812694,1.44487909362
0.744979423868,0.223172380362,0.586415286624,0.585315709374,0.209682881461,0.363537838904,1.43014621498
0.754979423868,0.217642928809,0.578017496195,0.574324784398,0.19169686038,0.352351276704,1.4138350713
0.764979423868,0.212025252241,0.569730499972,0.561883095654,0.17058700186,0.340823809255,1.38693061271
0.774979423868,0.20616752156,0.560302733781,0.547929316273,0.149168592526,0.329091798658,1.36063581534
0.784979423868,0.200276962967,0.549028397497,0.531047178851,0.127439715912,0.316965311989,1.32915348627
0.794979423868,0.193986314187,0.538868158503,0.5101289668,0.100735696973,0.304307987148,1.2954237078
0.804979423868,0.187008330985,0.529573755707,0.486792176315,0.0769408714278,0.291450989234,1.26502361761
0.814979423868,0.179476376754,0.519481224283,0.455975424159,0.0541272758018,0.277279071078,1.23363508258
0.824979423868,0.168647679387,0.51184873457,0.392728256581,0.0314784961389,0.256230607068,1.2060614396
0.834979423868,0.149827642185,0.503918741897,0.24665148526,0.0144800293106,0.218976968604,1.18426154106
0.844979423868,0.131149585705,0.501903928753,0.0676460176991,0.00430187700806,0.182307495632,1.17244890367
0.854979423868,0.125540116115,0.501390992616,0.0069452567499,0.00494945042557,0.17126703568,1.17008421171
0.864979423868,0.12502492306,0.499433628319,0.00125642297503,0.0014936813032,0.170339529902,1.16888653402
0.874979423868,0.12500235387,0.499090986979,0.000689724367285,0.000335561693253,0.170321510625,1.16944569077
0.884979423868,0.124925413449,0.500133273209,0.000506318696804,0.00105059466772,0.170391883208,1.16851135787
0.894979423868,0.12496644834,0.498709362494,0.000632038780227,0.000188185558875,0.170380438532,1.16729925032
0.904979423868,0.12502492306,0.499347455048,8.33549405332e-05,0.00065676117468,0.170341477932,1.16858350713
0.914979423868,0.124992915845,0.501181714672,0.000152156022772,0.00027576799504,0.170426217237,1.17087063863
0.924979423868,0.125133049997,0.499035589877,0.000219615579731,0.00175719519756,0.170350974579,1.16841756384
0.934979423868,0.125130587904,0.502297863706,9.83033650865e-05,0.00215179527648,0.170470047912,1.16951964376
0.944979423868,0.125134691393,0.500164049377,-0.000245318753171,-0.00100807169833,0.170440583958,1.16956654078
0.954979423868,0.125152336396,0.498887864269,-0.000545437123048,-0.000770046784285,0.17040235387,1.16611600248
0.964979423868,0.125148232907,0.49897403754,-0.00110542810439,-0.000236311369145,0.170416720591,1.16662826222
0.974979423868,0.125051390564,0.501382785638,-0.00117652894425,0.000251812186461,0.170515583113,1.1702609774
0.984979423868,0.125112942901,0.501185818161,-0.00109488754862,-0.00166311932811,0.170504138436,1.17079488191
0.994979423868,0.125093861676,0.500876004735,-0.000469928414407,0.000870255340736,0.170547969111,1.16957195198
