time_s,deposited_heat_flux_density_W_m2,reflected_heat_flux_density_W_m2,total_heat_flux_density_W_m2,deposited_particle_count,total_heat_transfer_area_m2,area_scale_coefficient
2.500000008807,0.0,0.0,0.0,0,0.0,0.0
2.5099999918722573,0.0,0.0,0.0,0,0.0,0.0
2.5199999372405917,0.0,0.0,0.0,0,0.0,0.0
2.5300000577045827,0.0,0.0,0.0,0,0.0,0.0
2.5400000151593085,0.0,414.839085813,414.839085813,0,0.0,0.0
2.5500000015332662,754863.02643,170215.392893,925078.419323,605,1.4427693031393574e-06,2.3847426498171197e-09
2.5600000407597983,1711258.38867,650940.319183,2362198.707853,901,2.0260613382561132e-06,2.2486807305839216e-09
2.5699999447577544,1707332.55182,804488.667511,2511821.219331,955,2.036630348811741e-06,2.13259722388664e-09
2.5800000375130998,1694442.77726,658740.05496,2353182.8322199997,1005,2.0635498003684916e-06,2.0532833834512353e-09
2.5900000254299549,1746849.81147,200893.854372,1947743.6658420002,1011,1.9656649783428293e-06,1.9442779212095247e-09
2.5999999617831739,1609014.95963,35240.1598836,1644255.1195136,1014,1.820226998461294e-06,1.7950956592320454e-09
2.6099999428753322,1450669.51397,10295.7743502,1460965.2883202,1014,1.672705366217997e-06,1.6496108148106479e-09
2.61999997616955,1308226.54409,5023.28976553,1313249.83385553,1014,1.5265843558154302e-06,1.5055072542558482e-09
2.6299999478965908,1170530.52839,4366.72656178,1174897.2549517802,1014,1.3838520089848316e-06,1.3647455709909582e-09
2.6399999908595455,1048053.1725,4131.28640386,1052184.45890386,1014,1.2461200640245806e-06,1.2289152505173378e-09
2.6500000404206578,934847.167179,4531.31011903,939378.4772980299,1011,1.1115873803646537e-06,1.0994929578285397e-09
2.6599999394409339,829147.28546,4542.94701316,833690.23247316,1010,9.763573416421423e-07,9.666904372694478e-10
2.6700000176685541,732185.374121,9645.23246691,741830.60658791,995,8.413321666012052e-07,8.455599664333721e-10
2.6799999602957851,641192.639703,25917.6921391,667110.3318421,978,7.159815140767023e-07,7.320874377062396e-10
2.6899999454569303,558702.372434,38964.6938314,597667.0662654,942,5.979507022857433e-07,6.347671998787084e-10
2.7000000406589355,482086.669688,74690.9455793,556777.6152673,894,4.901430088466441e-07,5.4825839915732e-10
2.7100000341381238,410235.642719,74239.8486115,484475.4913305,847,3.937103087992e-07,4.6482917213600943e-10
2.7199999619991884,345429.865265,94450.7914187,439880.6566837,775,3.0646657478428097e-07,3.9544074165713675e-10
2.7300000243832634,283825.887675,119326.031682,403151.91935700004,687,2.2468103111350501e-07,3.270466246193668e-10
2.739999937859992,226995.500284,155156.560926,382152.06121,592,1.5603507108608028e-07,2.6357275521297344e-10
2.750000050398238,176576.444437,199738.554918,376314.999355,454,1.0116325199760468e-07,2.2282654625023057e-10
2.7600000208370319,129284.505498,266335.251781,395619.757279,315,6.078457204239385e-08,1.929668953726789e-10
2.7699999470967573,81934.2889837,333070.823629,415005.1126127,194,2.792603837065144e-08,1.439486513951105e-10
2.780000013571732,49983.8787918,490874.546506,540858.4252978,115,6.536634344911363e-08,5.684029865140316e-10
2.7900000511601579,176941.663542,1351340.71395,1528282.3774919999,328,9.723183893584064e-07,2.964385333409776e-09
2.7999999423515445,406538.272564,1465812.74454,1872351.017104,404,1.1206578847122728e-06,2.773905655228398e-09
2.8099999547839363,444435.104916,1064101.60874,1508536.713656,411,9.082719998332323e-07,2.2099075421733146e-09
2.8200000127715223,430306.429356,498334.710264,928641.13962,393,7.302809308384894e-07,1.858221198062314e-09
2.8300000331472712,398038.867078,339071.186178,737110.0532559999,378,5.764455295320658e-07,1.5249881733652537e-09
2.8399999375448499,324758.263131,356449.635515,681207.898646,345,3.7249128581606783e-07,1.079684886423385e-09
2.849999984386852,267369.356765,429059.515054,696428.871819,308,2.874822087051143e-07,9.333837944971244e-10
2.8600000417780049,223153.516842,638759.782988,861913.2998299999,272,2.1461342214479373e-07,7.890199343558593e-10
2.869999983166112,203442.871582,716156.229484,919599.1010660001,263,2.363624815870935e-07,8.987166600269714e-10
2.8800000426173953,192489.798332,849729.185866,1042218.984198,272,2.3207054766771762e-07,8.532005428960207e-10
2.8900000384520963,203492.018493,905863.04527,1109355.063763,278,3.9234797100107244e-07,1.4113236366945051e-09
2.8999999668820857,218732.459778,759310.260098,978042.7198760001,256,3.4648689961613854e-07,1.3534644516255412e-09
2.9099999871261022,198099.192547,645750.649448,843849.841995,248,3.3484087680335506e-07,1.3501648258199801e-09
2.9199999509581764,162856.453085,570727.900993,733584.354078,248,3.2062251875686343e-07,1.2928327369228364e-09
2.9300000349977302,149905.075022,604838.892527,754743.967549,264,3.9111682781367563e-07,1.4815031356578622e-09
2.9399999892185829,131929.351256,532597.778233,664527.129489,227,3.5659184050018666e-07,1.5708891651990602e-09
2.9500000440842862,129081.136698,623265.565178,752346.701876,229,3.65202822649735e-07,1.5947721513088865e-09
2.9600000302468881,146916.96047,660818.305957,807735.266427,227,3.6121991797699593e-07,1.5912771717048278e-09
2.9700000232827155,161251.12612,917686.326897,1078937.4530169999,238,3.772143486457935e-07,1.5849342380075358e-09
2.9799999899379181,161796.350519,820198.054476,981994.404995,236,3.5291037647766643e-07,1.4953829511765527e-09
2.9900000165148839,165716.347184,724921.49025,890637.8374340001,231,2.6545177433945355e-07,1.1491418802573747e-09
2.9999999530021531,160557.443924,630733.052243,791290.496167,216,3.1040488579492376e-07,1.4370596564579803e-09
3.0100000032064265,166589.255174,896075.890544,1062665.145718,217,3.197879152594396e-07,1.4736770288453438e-09
3.0200000610340747,191218.504835,966056.015647,1157274.520482,244,3.785730768868234e-07,1.5515290036345222e-09
3.0300000192425824,201285.721482,746838.143313,948123.864795,215,3.556841079443984e-07,1.654344688113481e-09
3.0399999451326214,190713.070439,772113.900035,962826.9704740001,211,3.80585333914496e-07,1.8037219616800759e-09
3.049999937215369,177870.704421,789895.368498,967766.0729189999,261,5.42115685675526e-07,2.0770715926265367e-09
3.0600000488578165,162074.919939,757448.547956,919523.467895,231,4.5335798404266825e-07,1.9625886755093864e-09
3.0700000516627495,149127.588892,666016.336867,815143.925759,223,3.677457414141827e-07,1.649084042216066e-09
3.0799999391874788,158945.290758,883303.494812,1042248.78557,242,3.535004111654416e-07,1.460745500683643e-09
3.090000050760207,194956.249134,952243.631865,1147199.880999,245,4.285248564883659e-07,1.7490810468912895e-09
3.0999999587636946,184744.908377,795491.21785,980236.126227,246,4.0564756886851683e-07,1.6489738571890928e-09
3.1099999771328282,164843.519951,770991.76395,935835.283901,237,3.59898365331901e-07,1.518558503510131e-09
3.1199999406865335,171884.557584,874839.645188,1046724.2027720001,245,4.0006000290304655e-07,1.632897971032843e-09
3.129999966018095,174771.296381,792288.69283,967059.9892109999,236,4.714324290944205e-07,1.9975950385356803e-09
3.1400000325874204,179346.557605,876497.510026,1055844.067631,235,3.71720801695119e-07,1.5817906455111447e-09
3.1500000041792817,189654.646366,793294.738114,982949.38448,244,4.3355629486541147e-07,1.7768700609238176e-09
3.160000013579352,186157.360629,854963.836195,1041121.196824,258,4.4973683088755934e-07,1.7431660111920904e-09
3.17000003965487,207716.213743,761670.150191,969386.363934,248,3.669616148727073e-07,1.4796839309383358e-09
3.1800000208561578,171693.279075,702810.918072,874504.197147,253,2.991159817611333e-07,1.182276607751515e-09
3.189999960205284,150742.718089,810056.0663,960798.7843889999,224,3.206054088877863e-07,1.4312741468204747e-09
3.2000000303431357,134265.535046,696195.732181,830461.2672270001,230,3.401293611204892e-07,1.4788233092195182e-09
3.2100000511689228,143027.968934,829786.535175,972814.504109,255,3.930221055270522e-07,1.5412631589296164e-09
3.2199999687522909,184286.41747,706159.792972,890446.210442,260,4.24166159973538e-07,1.6314083075905308e-09
3.2300000311785686,177333.02581,674000.580438,851333.606248,201,2.1139129557923297e-07,1.051697987956383e-09
3.2400000000962401,166809.989631,844253.581743,1011063.5713739999,211,3.762750395708281e-07,1.7832940264020287e-09
3.2500000207967155,156733.472407,836956.255235,993689.7276420001,219,2.990065013364074e-07,1.3653264901205816e-09
3.2600000512866409,174759.530226,768616.412064,943375.94229,230,4.2428686697348894e-07,1.8447255085803868e-09
3.2699999811702454,176992.843195,914122.900007,1091115.743202,234,4.015518015876296e-07,1.7160333401180752e-09
3.2799999589511404,188661.814721,832927.497594,1021589.312315,245,4.034655489704164e-07,1.6467981590629241e-09
3.2900000447078139,198220.022882,683280.57078,881500.5936619999,261,4.3243375102974824e-07,1.656834295133135e-09
3.2999999442216637,199109.940534,698017.668753,897127.609287,264,3.594460054046067e-07,1.361537899259874e-09
3.3100000200570006,170653.605311,784887.92855,955541.533861,233,3.8985319861239986e-07,1.67318969361545e-09
3.3199999454272531,151297.677997,554871.851287,706169.5292839999,244,2.704585426727135e-07,1.1084366502980062e-09
3.3299999818466763,138243.749438,986019.948958,1124263.698396,252,4.593744336034433e-07,1.822914419061283e-09
3.3399999785706065,149895.040867,996653.436202,1146548.477069,227,4.634486288068729e-07,2.0416239154487794e-09
3.3499999577879067,157811.007016,721763.289204,879574.29622,223,3.507347798858973e-07,1.5728017035242031e-09
3.3599999629025654,158853.860467,657144.713275,815998.5737419999,220,3.300526998373243e-07,1.5002395447151106e-09
3.3699999844518378,184013.229695,810407.63767,994420.867365,231,4.604556806953042e-07,1.993314635044607e-09
3.3800000201635969,218161.781967,709000.69601,927162.477977,263,4.238361555053416e-07,1.6115443175108045e-09
3.389999943317147,234733.535302,775353.72098,1010087.256282,268,4.3796751469926676e-07,1.634207144400249e-09
3.3999999817619448,208549.912407,620315.709591,828865.621998,267,4.3068575905635953e-07,1.6130552773646424e-09
3.4099999383949817,205593.002963,792713.358066,998306.361029,245,3.984571605997189e-07,1.6263557575498731e-09
3.4200000392351098,203765.882459,696526.493016,900292.375475,188,3.6524508573165804e-07,1.942793009210947e-09
3.4299999413822708,177200.967307,684435.421403,861636.3887100001,201,2.8781363425878226e-07,1.4319086281531455e-09
3.4399999398660399,178593.876836,777696.196754,956290.07359,237,3.2081268841466226e-07,1.353640035504904e-09
3.4500000382941924,202368.248303,687099.885423,889468.133726,221,3.548034044342785e-07,1.6054452689333869e-09
3.4599999921243989,189641.006135,762078.849642,951719.8557770001,209,3.5348247706679103e-07,1.6913037180229235e-09
3.4699999976458327,186149.501225,899629.420109,1085778.921334,223,2.714120341806847e-07,1.2170943236802006e-09
3.4800000438317054,194348.944822,834053.266114,1028402.210936,225,4.2021059698527097e-07,1.867602653267871e-09
3.4899999432236237,179878.364856,879160.097173,1059038.462029,231,2.6107352368853753e-07,1.1301884142360932e-09
3.5000000203999986,164754.942025,805431.233803,970186.175828,249,3.193540578649845e-07,1.2825464171284519e-09
3.5100000361194565,151650.980303,655041.214889,806692.195192,223,2.7387116574573156e-07,1.2281218194875855e-09
3.5200000630248645,138019.936602,654690.643813,792710.580415,211,2.635710814047343e-07,1.2491520445722005e-09
3.5300000484955349,168918.879865,1102463.58236,1271382.462225,245,4.396033546072431e-07,1.7942994065601758e-09
3.5399999557397348,205861.883008,885454.531146,1091316.414154,253,4.2742539108076016e-07,1.6894284232441114e-09
3.5500000559824714,225546.692526,664255.273609,889801.966135,235,3.507445285322319e-07,1.4925299086477955e-09
3.5599999570442149,212729.388151,768018.102093,980747.490244,249,3.656683418284956e-07,1.468547557544159e-09
3.5699999411155479,173701.843669,623738.430273,797440.273942,217,2.627078856676235e-07,1.2106354178231497e-09
3.5800000304005732,152502.955968,741982.776564,894485.732532,247,3.0623959901276976e-07,1.23983643325008e-09
3.5900000139796417,173400.845562,1006666.60294,1180067.448502,255,4.783373697136994e-07,1.8758328224066645e-09
3.5999999920121155,191652.904938,778192.585012,969845.4899500001,268,3.96916107092693e-07,1.4810302503458693e-09
3.6099999452176679,191407.532297,666870.98811,858278.5204070001,247,3.5753794236370595e-07,1.4475220338611576e-09
3.6200000455341432,175759.708949,632259.52026,808019.229209,224,3.759377023015986e-07,1.6782933138464224e-09
3.6299999668705802,170854.544163,655317.779382,826172.323545,225,3.4595115039337543e-07,1.537560668415002e-09
3.6400000236885859,173411.562181,742268.231643,915679.793824,228,3.2521091952730785e-07,1.426363682137315e-09
3.6500000196373414,170802.657901,260578.045637,431380.703538,169,3.9773647131369216e-07,2.353470244459717e-09
3.6599999680483433,170455.877869,0.0,170455.877869,169,3.9647085259275627e-07,2.3459813762884986e-09
3.6699999882104088,163116.904167,403214.192282,566331.096449,256,4.417142349666392e-07,1.7254462303384344e-09
3.6799999806676169,173901.126732,1195347.68069,1369248.807422,273,5.369946620703558e-07,1.9670134141771276e-09
3.6900000406498035,180707.521157,1087685.3447,1268392.865857,278,4.310985559641267e-07,1.5507142300867867e-09
3.7000000390195416,163362.716302,912005.027558,1075367.7438599998,244,2.6772511318995384e-07,1.0972340704506305e-09
3.7100000604679,142547.776317,852069.278869,994617.0551860001,238,3.741871807960706e-07,1.5722150453616412e-09
3.7199999456850454,152839.054429,903203.646977,1056042.7014060002,241,4.6391346586460713e-07,1.924952140517042e-09
3.72999998086607,154457.076771,889937.444444,1044394.521215,241,4.3370641833462287e-07,1.7996116943345348e-09
3.7400000234239354,185807.047119,906189.397688,1091996.444807,214,3.944397519717313e-07,1.8431764110828565e-09
3.7500000440340835,184347.172024,798566.116249,982913.2882729999,248,3.5685059174284106e-07,1.4389136763824236e-09
3.7599999743960013,176465.389935,849959.139726,1026424.529661,234,3.5884499993699137e-07,1.5335256407563733e-09
3.7699999907728965,155897.435721,815480.225087,971377.660808,233,3.2646460113028297e-07,1.4011356271685965e-09
3.7799999696010556,152626.75643,685929.566401,838556.322831,243,4.098236843219638e-07,1.6865172194319497e-09
3.7900000299862069,174228.719141,676514.510327,850743.2294680001,256,3.3501015650472254e-07,1.3086334238465724e-09
3.8000000020982037,190939.740515,862108.199921,1053047.940436,248,4.1401301587029593e-07,1.6694073220576448e-09
