r_m,cpu_pressure_pa,cpu_mach,tadmor_pressure_pa,tadmor_mach,kurganov_pressure_pa,kurganov_mach,hlle_pressure_pa,hlle_mach,hllc_pressure_pa,hllc_mach,roe_pressure_pa,roe_mach,hllem_pressure_pa,hllem_mach,hllc_adc_pressure_pa,hllc_adc_mach,slau2_pressure_pa,slau2_mach,slau2_2_pressure_pa,slau2_2_mach
1e-06,88248.9458331,3.02733112407696,86812.404376347,2.95855613086719,83486.026246196,3.02392176648519,83479.409755583,3.02425255661596,83591.531070593,3.03315350387416,83438.155300547,3.03190537424167,83245.219163097,3.05129870105141,83657.963656345,3.03232419045124,72863.122504857,3.09761087469693,73155.594334855,3.09073476478778
0.00015550209205,88242.7066707,3.02732773495747,86809.924359635,2.95859037722991,83485.279358735,3.02391384228212,83478.697723632,3.02424474779954,83590.543434924,3.03314291572264,83437.433040304,3.03186412850194,83241.505791418,3.05141068149203,83656.845995642,3.03230378323334,72862.120331577,3.09762590124,73158.137899579,3.09065176180802
0.0003100041841,88236.4675084,3.02732500492034,86807.444342922,2.95862598490056,83484.532471274,3.02390728088147,83477.985691681,3.0242383019422,83589.555799255,3.03313365525799,83436.710780062,3.03182424408912,83237.792419739,3.05152402651224,83655.728334939,3.03228471569361,72861.118158296,3.0976414202872,73160.681464304,3.09056928898167
0.000464506276151,88230.228346,3.02732293396967,86804.964326209,2.95866295391691,83483.785583813,3.02390208229188,83477.27365973,3.02423321905303,83588.568163586,3.03312572247963,83435.988519819,3.03178572096945,83234.07904806,3.05163873628074,83654.610674236,3.03226698782464,72860.115985016,3.09765743185035,73163.225029028,3.09048734626736
0.000619008368201,88223.9891837,3.0273215220806,86802.484309496,2.95870128431489,83483.038696352,3.02389824652014,83476.56162778,3.02422949913935,83587.580527917,3.03311911738515,83435.266259577,3.03174855910793,83230.365676381,3.05175481096358,83653.493013533,3.03225059961724,72859.113811736,3.097673935942,73165.768593753,3.09040593362335
0.000773510460251,88217.7500214,3.02732076929806,86800.004292784,2.95874097612856,83482.291808891,3.02389577357088,83475.849595829,3.02422714220642,83586.592892247,3.03311383997083,83434.543999334,3.031712758467,83226.652304702,3.05187225072568,83652.375352829,3.03223555106037,72858.111638455,3.09769093257347,73168.312158477,3.09032505100809
0.000928012552301,88211.510859,3.02732067560147,86797.524276071,2.95878202939012,83481.54492143,3.02389466344722,83475.137563878,3.02422614825774,83585.605256578,3.03310989023048,83433.821739092,3.03167831900779,83222.938933023,3.05199105572962,83651.257692126,3.03222184214149,72857.109465175,3.09770842175662,73170.855723202,3.09024469837919
0.00108251464435,88205.2716967,3.02732124098635,86795.044259358,2.95882444412997,83480.798033968,3.02389491615041,83474.425531927,3.02422651729494,83584.617620909,3.0331072681567,83433.099478849,3.03164524068929,83219.225561344,3.05211122613652,83650.140031423,3.03220947284608,72856.107291895,3.09772640350281,73173.399287926,3.09016487569446
0.0012370167364,88199.0325343,3.02732246544228,86792.564242646,2.95886822037636,83480.051146507,3.02389653167956,83473.713499976,3.02422824931786,83583.62998524,3.0331059737401,83432.377218606,3.03161352346858,83215.512189665,3.05223276210577,83649.02237072,3.03219844315766,72855.105118614,3.09774487782278,73175.94285265,3.09008558291135
0.00139151882845,88192.793372,3.02732434898872,86790.084225933,2.95891335815586,83479.304259046,3.02389951003237,83473.001468026,3.02423134432432,83582.642349571,3.03310600696984,83431.654958364,3.03158316730129,83211.798817986,3.05235566379445,83647.904710017,3.03218875305826,72854.102945334,3.09776384472782,73178.486417375,3.09000681998684
0.0015460209205,88186.5542097,3.02732689160338,86787.60420922,2.9589598574934,83478.557371585,3.02390385120431,83472.289436075,3.02423580231074,83581.654713901,3.03310736783306,83430.932698121,3.03155417214079,83208.085446307,3.05247993135863,83646.787049314,3.03218040252803,72853.100772053,3.09778330422812,73181.029982099,3.08992858687779
0.00170052301255,88180.3150473,3.02733009330379,86785.124192507,2.95900771841169,83477.810484124,3.02390955518912,83471.577404124,3.02424162327126,83580.667078232,3.03311005631532,83430.210437879,3.03152653793899,83204.372074628,3.05260556495192,83645.66938861,3.03217339154537,72852.098598773,3.09780325633436,73183.573546824,3.08985088354062
0.0018550251046,88174.075885,3.02733395406163,86782.644175795,2.95905694093168,83477.063596663,3.02391662197883,83470.865372174,3.02424880719831,83579.679442563,3.03311407240002,83429.488177636,3.0315002646456,83200.658702949,3.05273256472623,83644.551727907,3.03216772008671,72851.096425493,3.09782370105673,73186.117111548,3.0897737099318
0.00200952719665,88167.8367226,3.02733847390154,86780.164159082,2.95910752507249,83476.316709202,3.02392505156364,83470.153340223,3.02425735408253,83578.691806894,3.03311941606949,83428.765917394,3.0314753522087,83196.94533127,3.05286093083193,83643.434067204,3.03216338812716,72850.094252212,3.09784463840481,73188.660676272,3.08969706600746
0.0021640292887,88161.5975603,3.02734365280361,86777.684142369,2.95915947085132,83475.569821741,3.02393484393162,83469.441308272,3.02426726391254,83577.704171225,3.03312608730385,83428.043657151,3.03145180057468,83193.231959591,3.0529906634174,83642.316406501,3.03216039563963,72849.092078932,3.0978660683887,73191.204240997,3.08962095172313
0.00231853138075,88162.7928409,3.02734229443037,86829.946526506,2.95900623486462,83526.442559725,3.02378156965995,83520.307051285,3.02411389345549,83629.058867442,3.03263986716692,83478.999716666,3.03099653284759,83244.798097473,3.05247500936972,83693.826984065,3.03162146507837,73175.934609282,3.09491902914538,73511.863627442,3.08685739189962
0.0024730334728,88175.2839839,3.02733064501378,86965.354046054,2.95854102927625,83655.713565557,3.02338019024342,83649.507389818,3.02371209253798,83759.925707397,3.03140555316105,83608.434995458,3.02988654800187,83380.352272179,3.05097810704,83825.282917599,3.03026880534185,74000.67040322,3.08752829955417,74315.747993235,3.08005714358724
0.00262753556485,88187.775127,3.02731960227046,87100.761565603,2.95807763918502,83784.98457139,3.02298049681991,83778.707728352,3.02331197878178,83890.792547352,3.03017382227187,83737.87027425,3.02877875162284,83515.906446885,3.04948456927718,83956.738851132,3.02891848430109,74825.406197158,3.08022625082546,75119.632359027,3.07332908473261
0.0027820376569,88200.26627,3.02730916622958,87236.169085151,2.95761605859832,83914.255577223,3.02258248401669,83907.908066886,3.02291354681105,84021.659387308,3.02894466544712,83867.305553042,3.02767313645412,83651.46062159,3.04799438322598,84088.194784665,3.02757049404431,75650.141991095,3.07301016520773,75923.51672482,3.06667105677598
0.00293653974895,88212.7574131,3.02729933690372,87371.5766047,2.95715628155857,84043.526583056,3.02218614649177,84037.10840542,3.02251679128176,84152.526227263,3.0277180736889,83996.740831834,3.02656969528375,83787.014796296,3.04650753611052,84219.650718198,3.02622482670932,76474.877785033,3.06587743682099,76727.401090612,3.06008098807524
0.003091041841,88225.2485561,3.02729011428409,87506.984124248,2.95669830214374,84172.797588888,3.02179147893524,84166.308743954,3.0221217068812,84283.393067219,3.02649403805423,84126.176110626,3.02546842094303,83922.568971002,3.04502401523299,84351.106651731,3.02488147448238,77299.61357897,3.05882556595268,77531.285456405,3.05355688957564
0.00324554393305,88237.7396992,3.02728149840119,87642.391643796,2.95624211446646,84302.068594721,3.02139847606772,84295.509082487,3.0217282883274,84414.259907174,3.02527254965332,84255.611389418,3.0243693063075,84058.123145708,3.04354380797366,84482.562585265,3.02354042959913,78124.349372908,3.05185215370074,78335.169822197,3.04709685073523
0.0034000460251,88248.3344765,3.02727290491719,87772.447191227,2.95581147746867,84426.608762204,3.02101886498615,84419.989178927,3.02134830664872,84540.274647406,3.02409359509673,84380.388636477,3.02329990846679,84188.13799266,3.04214155162413,84609.121467709,3.02224364439731,78919.739417038,3.04520255814508,79110.882739344,3.04091675826583
0.00355454811715,88240.2215364,3.02725895033369,87849.7053381,2.95561637101848,84504.47903646,3.02075608805783,84497.90391458,3.0210855930054,84618.423246517,3.02331087777003,84459.214230252,3.02250395289864,84263.507168865,3.04147757705015,84687.370762177,3.02136234292565,79425.632566736,3.04104479158042,79608.683285937,3.03692525134226
0.00370905020921,88232.1085963,3.02724522984934,87926.963484973,2.95542177844351,84582.349310716,3.02049393720784,84575.818650233,3.02082350533851,84696.571845628,3.02252913125787,84538.039824026,3.02170899493419,84338.87634507,3.04081426723502,84765.620056644,3.02048196412272,79931.525716433,3.03691363982949,80106.48383253,3.03295728249632
0.00386355230126,88223.9956562,3.0272317434981,88004.221631845,2.95522769890923,84660.219584972,3.02023241126829,84653.733385886,3.02056204247992,84774.720444739,3.02174835356831,84616.8654178,3.02091503249913,84414.245521276,3.04015162101697,84843.869351112,3.01960250614912,80437.418866131,3.03280863260616,80604.284379123,3.02901244253138
0.00401805439331,88215.8827161,3.02721849123951,88081.479778718,2.95503413158425,84738.089859228,3.01997150907504,84731.648121539,3.02030120326521,84852.86904385,3.02096854271658,84695.691011574,3.02012206352647,84489.614697481,3.03948963723854,84922.118645579,3.01872396717217,80943.312015828,3.02872931088499,81102.084925717,3.02509033191306
0.00417255648536,88207.769776,3.02720547310745,88158.737925591,2.95484107563988,84815.960133484,3.01971122946853,84809.562857192,3.02004098653404,84931.017642961,3.02018969672497,84774.516605348,3.01933008595687,84564.983873686,3.03882831474656,85000.367940047,3.01784634536618,81449.205165526,3.0246752265665,81599.88547231,3.02119056048621
0.00432705857741,88199.6568359,3.02719268908616,88235.996072464,2.95464853025013,84893.83040774,3.01945157129276,84887.477592845,3.01978139113053,85009.166242072,3.01941181362277,84853.342199122,3.0185390977379,84640.353049891,3.0381676523918,85078.617234515,3.01696963891191,81955.098315224,3.02064594215353,82097.686018903,3.01731274720139
0.00448156066946,88191.5438959,3.02718013918598,88313.254219337,2.95445649459183,84971.700681995,3.01919253339628,84965.392328499,3.01952241590241,85087.314841183,3.01863489144657,84932.167792896,3.01774909682535,84715.722226096,3.03750764902949,85156.866528982,3.0160938459969,82460.991464921,3.01664103043993,82595.486565496,3.01345651985067
0.00463606276151,88183.4309558,3.02716782343476,88390.51236621,2.95426496784469,85049.570956251,3.01893411463114,85043.307064152,3.01926405970173,85165.463440295,3.01785892823964,85010.993386671,3.01696008118153,84791.091402302,3.03684830351895,85235.11582345,3.0152189648153,82966.884614619,3.01266007420972,83093.287112089,3.0096215148141
0.00479056485356,88175.3180157,3.02715574179006,88467.770513083,2.95407394919075,85127.441230507,3.01867631385371,85121.221799805,3.0190063213844,85243.612039406,3.01708392205239,85089.818980445,3.01617204877664,84866.460578507,3.03618961472385,85313.365117917,3.01434499356795,83472.777764316,3.00870266594693,83591.087658682,3.00580737681217
0.00494506694561,88167.2050756,3.02714389428548,88545.028659956,2.95388343781518,85205.311504763,3.01841912992464,85199.136535458,3.01874919981024,85321.760638517,3.01630987094213,85168.644574219,3.01538499758792,84941.829754712,3.03553158151155,85391.614412385,3.01347193046221,83978.670914014,3.00476840755542,84088.888205275,3.00201375867002
0.00509956903766,88159.0921355,3.02713228090498,88622.286806829,2.95369343290571,85283.181779019,3.01816256170787,85277.051271111,3.01849269384345,85399.909237628,3.01553677297294,85247.470167993,3.01459892560008,85017.198930917,3.03487420275393,85469.863706853,3.01259977371194,84484.564063712,3.00085691008835,84586.688751869,2.99824032108642
0.00525407112971,88170.1601692,3.02709400106509,88665.612321356,2.95352048835501,85324.186757645,3.01802248207188,85318.016206217,3.01835231372719,85442.441063639,3.01520756617702,85288.307726474,3.01436752346616,85061.232941929,3.03441314590668,85512.252806692,3.01232326334657,84579.277798567,3.00017373863179,84685.337971902,2.99753114318074
0.00540857322176,88185.1945554,3.02705113437786,88701.875524024,2.95335181691452,85357.52080155,3.01790722837213,85351.292597222,3.0182366842981,85477.573823288,3.01497152502435,85321.208500312,3.01425350435135,85098.773712827,3.0339921344081,85547.188399189,3.01217134666454,84588.69253987,3.0001580876075,84701.230908564,2.99745391230953
0.00556307531381,88200.2289416,3.02700927275801,88738.138726692,2.95318385310648,85390.854845455,3.01779265537569,85384.568988228,3.01812173583627,85512.706582937,3.01473621660602,85354.10927415,3.01414012211446,85136.314483726,3.03357196593662,85582.123991685,3.01202013349752,84598.107281172,3.00014320526192,84717.123845227,2.99737747901164
0.00571757740586,88215.2633278,3.02696841621209,88774.40192936,2.95301659675113,85424.188889359,3.01767876295754,85417.845379233,3.0180074682159,85547.839342586,3.01450164074294,85387.010047989,3.01402737677537,85173.855254624,3.0331526401464,85617.059584182,3.01186962369247,84607.522022474,3.0001290914109,84733.016781889,2.99730184296555
0.00587207949791,88230.297714,3.02692856478598,88810.665132028,2.95285004766887,85457.522933264,3.01756555099185,85451.121770238,3.01789388131088,85582.972102235,3.01426779725524,85419.910821827,3.01391526835291,85211.396025523,3.03273415669222,85651.995176678,3.01171981709617,84616.936763776,3.00011574587028,84748.909718551,2.99722700384947
0.00602658158996,88245.3321002,3.02688971848425,88846.928334697,2.95268420567981,85490.856977169,3.01745301935328,85484.398161244,3.01778097499529,85618.104861884,3.01403468596362,85452.811595665,3.01380379686629,85248.936796421,3.03231651522934,85686.930769175,3.01157071355532,84626.351505079,3.00010316845488,84764.802655213,2.99715296134096
0.00618108368201,88260.3664864,3.02685187733225,88883.191537365,2.9525190706041,85524.191021073,3.01734116791556,85517.674552249,3.01766874914265,85653.237621533,3.01380230668839,85485.712369504,3.01369296233385,85286.477567319,3.03189971541298,85721.866361671,3.01142231291661,84635.766246381,3.00009135897958,84780.695591875,2.99707971511727
0.00633558577406,88275.4008726,3.02681504133257,88919.454740033,2.9523546422617,85557.525064978,3.01722999655296,85550.950943255,3.01755720362663,85688.370381182,3.01357065924987,85518.613143342,3.01358276477423,85324.018338218,3.03148375689885,85756.801954168,3.01127461502629,84645.180987683,3.00008031725832,84796.588528538,2.99700726485542
0.00649008786611,88290.4352588,3.02677921052715,88955.717942701,2.95219092047282,85590.859108883,3.01711950513915,85584.22733426,3.01744633832054,85723.503140831,3.01333974346859,85551.51391718,3.01347320420491,85361.559109116,3.0310686393434,85791.737546664,3.01112761973095,84654.595728986,3.00007004310452,84812.4814652,2.9969356102316
0.00664458995816,88291.1897803,3.0267402961452,88983.300244595,2.95211170189223,85619.340282014,3.01700259087895,85612.727707529,3.01732936575412,85752.915100793,3.01310151461446,85582.848424264,3.01322999934024,85390.776627774,3.03083357316876,85820.944247509,3.01094454604984,84660.332811636,3.00009277997441,84824.364433895,2.99686932302641
0.00679909205021,88286.3801528,3.02670058199794,89007.500033595,2.95206564072165,85645.9305341,3.01688344688353,85639.367105539,3.01721028633246,85780.097951217,3.012860732418,85613.572635524,3.01293508885645,85416.750991286,3.03066884319969,85847.918685783,3.01074771322541,84664.636894633,3.00012867924717,84834.684918614,2.99680544119856
0.00695359414226,88281.5705253,3.02666162674,89031.699822594,2.95202005285029,85672.520786187,3.01676481750227,85666.006503548,3.01709172149825,85807.280801642,3.01262050685001,85644.296846784,3.01264079204337,85442.725354798,3.03050456561802,85874.893124056,3.01055143162445,84668.94097763,3.00016514961877,84845.005403333,2.99674215512607
0.00710809623431,88276.7608977,3.02662343041197,89055.899611594,2.95197493826555,85699.111038273,3.01664670266895,85692.645901558,3.01697367118542,85834.463652067,3.01238083780041,85675.021058044,3.0123471087144,85468.69971831,3.03034074050421,85901.86756233,3.01035570113054,84673.245060626,3.00020219100913,84855.325888052,2.99667946462471
0.00726259832636,88271.9512702,3.02658599299915,89080.099400594,2.95193029695434,85725.701290359,3.01652910231719,85719.285299567,3.01685613532779,85861.646502492,3.0121417251591,85705.745269303,3.01205403868227,85494.674081821,3.03017736793877,85928.842000603,3.01016052162682,84677.549143623,3.00023980333785,84865.646372771,2.99661736951
0.00741710041841,88267.1416426,3.02654931454268,89104.299189593,2.95188612890413,85752.291542446,3.01641201638075,85745.924697577,3.01673911385933,85888.829352916,3.01190316881603,85736.469480563,3.0117615817606,85520.648445333,3.03001444800193,85955.816438877,3.00996589299706,84681.853226619,3.00027798652454,84875.96685749,2.99655586959707
0.00757160251046,88262.3320151,3.02651339501742,89128.498978593,2.9518424341014,85778.881794532,3.01629544479307,85772.564095586,3.01662260671382,85916.012203341,3.0116651686608,85767.193691823,3.01146973776227,85546.622808845,3.02985198077344,85982.79087715,3.00977181512417,84686.157309616,3.00031674048817,84886.28734221,2.99649496470114
0.00772610460251,88257.5223875,3.02647823448196,89152.698767593,2.95179921253293,85805.472046618,3.01617938748743,85799.203493596,3.01650661382462,85943.195053766,3.01142772458329,85797.917903083,3.01117850650111,85572.597172357,3.02968996633325,86009.765315424,3.00957828789182,84690.461392612,3.00035606514745,84896.607826929,2.99643465463686
0.00788060669456,88252.71276,3.0264438329224,89176.898556592,2.95175646418524,85832.062298704,3.01606384439725,85825.842891605,3.01639113512548,85970.37790419,3.01119083647339,85828.642114343,3.01088788779014,85598.571535869,3.02952840476092,86036.739753697,3.00938531118294,84694.765475609,3.00039596042102,84906.928311648,2.99637493921868
0.00803510878661,88247.9031324,3.02641019034041,89201.098345592,2.95171418904448,85858.652550791,3.01594881545559,85852.482289615,3.0162761705496,85997.560754615,3.01095450422062,85859.366325602,3.01059788144313,85624.54589938,3.02936729613601,86063.714191971,3.0091928848808,84699.069558606,3.00043642622685,84917.248796367,2.99631581826081
0.00818961087866,88251.6450525,3.02640996670309,89221.926693475,2.95161394823795,85878.883619686,3.01585892929388,85872.689294403,3.01618602449704,86019.604785353,3.01080157704518,85877.622261114,3.01060399316655,85646.587510534,3.02915178517191,86085.303140406,3.00909670902509,84802.784141302,2.99989362140343,85011.653916959,2.99609086484026
0.00834411297071,88259.5391997,3.02642606462022,89241.101798044,2.95148592221997,85896.005126159,3.0157817426159,85889.750910472,3.0161084204877,86039.148541949,3.01069034160551,85889.664236133,3.01075856854579,85666.734583386,3.02890858824797,86104.260361439,3.00904852050247,84954.651771343,2.99907653072525,85146.785265609,2.99579099471106
0.00849861506276,88267.433347,3.02644244628013,89260.276902613,2.95135852459175,85913.126632633,3.01570517321022,85906.812526541,3.01603143390753,86058.692298545,3.01057975038782,85901.706211151,3.01091370001263,85686.881656238,3.02866607323253,86123.217582473,3.00900095572905,85106.519401385,2.99826202342371,85281.916614259,2.99549182999719
0.00865311715481,88275.3274942,3.02645911172586,89279.452007182,2.95123175531578,85930.248139106,3.01562922106199,85923.87414261,3.01595506474119,86078.236055142,3.01046980331977,85913.748186169,3.01106938768011,85707.02872909,3.02842423999535,86142.174803507,3.00895401466365,85258.387031427,2.99745008939596,85417.04796291,2.99519337040466
0.00880761924686,88283.2216414,3.02647606091777,89298.627111752,2.95110561435348,85947.36964558,3.0155538861557,85940.935758679,3.01587931297289,86097.779811738,3.0103605003284,85925.790161187,3.01122563166124,85727.175801942,3.02818308840566,86161.132024541,3.00890769726427,85410.254661468,2.9966407186081,85552.17931156,2.99489561564213
0.00896212133891,88291.1157886,3.02649329388293,89317.802216321,2.9509801016666,85964.491152054,3.0154791684755,85957.997374748,3.01580417858663,86117.323568334,3.0102518413409,85937.832136205,3.01138243206845,85747.322874794,3.02794261833303,86180.089245575,3.0088620034891,85562.12229151,2.99583390109516,85687.31066021,2.99459856542104
0.00911662343096,88299.0099358,3.02651081064832,89336.97732089,2.95085521721604,85981.612658527,3.01540506800557,85975.058990817,3.01572966156586,86136.867324931,3.01014382628377,85949.874111224,3.01153978901369,85767.469947646,3.02770282964613,86199.046466609,3.00881693329556,85713.989921552,2.99502962696019,85822.44200886,2.99430221945511
0.00927112552301,88306.9040831,3.02652861117408,89356.152425459,2.95073096096292,85998.734165001,3.01533158472928,85992.120606886,3.01565576189422,86156.411081527,3.0100364550833,85961.916086242,3.01169770260864,85787.617020498,3.0274637222138,86218.003687643,3.00877248664088,85865.857551593,2.99422788637377,85957.57335751,2.99400657746055
0.00942562761506,88314.7982303,3.02654669549044,89375.327530028,2.95060733286754,86015.855671475,3.01525871863012,86009.182222955,3.01558247955421,86175.954838123,3.00992972766579,85973.95806126,3.0118561729642,85807.76409335,3.02722529590464,86236.960908677,3.0087286634822,86017.725181635,2.99342866957343,86092.70470616,2.99371163915634
0.00958012970711,88306.9360205,3.02655523631649,89387.260525965,2.95057218035606,86030.01152644,3.01516985857137,86023.365929372,3.01549357536936,86191.494414053,3.00978634883239,85994.063133127,3.01171573631498,85823.539219646,3.02709939912202,86252.350286987,3.00861573921888,86159.256819073,2.99272020920574,86213.766095303,2.99354445246229
0.00973463179916,88294.6470978,3.02656127778674,89397.15886781,2.95056223944346,86043.334188301,3.01507688287247,86036.741093561,3.01540066006127,86205.909024453,3.0096330647976,86016.433513875,3.01149180182824,85838.086057414,3.02700546264671,86266.737287928,3.00848379518783,86297.884582693,2.99203866492035,86330.874561045,2.99341324697245
0.00988913389121,88282.358175,3.02656757815101,89407.057209655,2.95055281765951,86056.656850162,3.0149844502683,86050.11625775,3.01530828784735,86220.323634853,3.00948034475495,86038.803894623,3.01126851275385,85852.632895181,3.02691204516403,86281.12428887,3.00835241361221,86436.512346312,2.99135919112271,86447.983026787,2.99328227887623
0.0100436359833,88270.0692523,3.02657413741216,89416.9555515,2.95054391503747,86069.979512023,3.01489256075917,86063.491421939,3.01521645872766,86234.738245253,3.00932818864463,86061.174275371,3.01104586890277,85867.179732949,3.02681914672071,86295.511289811,3.00822159443445,86575.140109932,2.99068178071657,86565.091492529,2.99315154960527
0.0101981380753,88257.7803296,3.0265809555812,89426.853893345,2.95053553161033,86083.302173884,3.01480121434455,86076.866586128,3.01512517270246,86249.152855653,3.00917659640672,86083.544656119,3.01082387008622,85881.726570717,3.02672676736332,86309.898290752,3.0080913375974,86713.767873552,2.9900064266495,86682.199958271,2.99302106058383
0.0103526401674,88245.4914068,3.02658803265978,89436.75223519,2.95052766741076,86096.624835745,3.01471041102414,86090.241750317,3.01503442977128,86263.567466053,3.00902556798105,86105.915036867,3.01060251611489,85896.273408485,3.02663490713808,86324.285291694,3.0079616430434,86852.395637172,2.98933312191216,86799.308424014,2.99289081322885
0.0105071422594,88233.2024841,3.02659536865364,89446.650577035,2.95052032247105,86109.947497606,3.01462015079687,86103.616914506,3.01494422993386,86277.982076453,3.00887510330711,86128.285417615,3.01038180679976,85910.820246253,3.026543566091,86338.672292635,3.00783251071425,86991.023400791,2.98866185953842,86916.416889756,2.99276080895027
0.0106616443515,88220.9135614,3.02660296357055,89456.548918879,2.95051349682361,86123.270159466,3.01453043366196,86116.992078695,3.01485457318921,86292.396686853,3.00872520232452,86150.655798363,3.01016174195129,85925.367084021,3.02645274426787,86353.059293576,3.0077039405521,87129.651164411,2.98799263260506,87033.525355498,2.99263104915037
0.0108161464435,88208.6246386,3.02661081741817,89466.447260724,2.95050719050001,86136.592821327,3.01444125961789,86130.367242884,3.01476545953657,86306.811297253,3.00857586497231,86173.02617911,3.00994232137994,85939.913921789,3.02636244171416,86367.446294518,3.00757593249848,87268.278928031,2.98732543423094,87150.63382124,2.99250153522466
0.0109706485356,88215.6759365,3.02657349691433,89477.445134385,2.9504325591035,86147.840178689,3.01436504263993,86141.597070997,3.01468896467382,86320.320363353,3.00848340566979,86179.720876633,3.01007452086848,85952.933183527,3.02620962800969,86380.14862354,3.00752848551043,87313.987133049,2.98730926545737,87201.417295227,2.992249077214
0.0111251506276,88235.1450947,3.02650801676652,89489.145345319,2.95031426052831,86157.745742147,3.01429750334204,86151.439824495,3.01462093001351,86333.257151392,3.00842877666385,86176.094293106,3.01043856954192,85964.974805025,3.02601586615385,86391.754909012,3.00753424101104,87299.876195288,2.98771164128832,87209.496212767,2.99191676999525
0.0112796527197,88254.614253,3.02644364582826,89500.845556254,2.95019655920086,86167.651305605,3.0142305578911,86161.282577993,3.01455348932405,86346.19393943,3.00837476300185,86172.46770958,3.01080319471459,85977.016426523,3.02582273306728,86403.361194483,3.00754059408159,87285.765257526,2.98811466467796,87217.575130307,2.9915851012149
0.0114341548117,88274.0834112,3.02638038413797,89512.545767189,2.95007945512198,86177.556869063,3.01416420630343,86171.125331491,3.01448664262193,86359.130727469,3.00832136462634,86168.841126053,3.01116839659237,85989.058048021,3.02563022865519,86414.967479955,3.00754754470608,87271.654319765,2.98851833602756,87225.654047847,2.99125407085677
0.0115886569038,88293.5525695,3.02631823168878,89524.245978123,2.94996294829209,86187.46243252,3.0140984485953,86180.968084989,3.0144203899226,86372.067515508,3.00826858147882,86165.214542526,3.01153417538101,86001.099669519,3.02543835282216,86426.573765426,3.00755509286859,87257.543382004,2.98892265573784,87233.732965387,2.99092367890505
0.0117431589958,88313.0217277,3.02625718852606,89535.946189058,2.94984703871126,86197.367995978,3.01403328478233,86190.810838486,3.01435473124163,86385.004303547,3.00821641350097,86161.587958999,3.01190053128592,86013.141291016,3.02524710547246,86438.180050898,3.00756323855245,87243.432444242,2.98932762420973,87241.811882927,2.99059392534328
0.0118976610879,88332.490886,3.02619725464689,89547.646399993,2.94973172637926,86207.273559436,3.01396871487996,86200.653591984,3.01428966659398,86397.941091586,3.00816486063374,86157.961375473,3.01226746451198,86025.182912514,3.02505648651009,86449.786336369,3.00757198174089,87229.321506481,2.98973324184366,87249.890800467,2.99026481015457
0.0120521631799,88351.9600442,3.02613843008186,89559.346610927,2.94961701129568,86217.179122893,3.01390473890327,86210.496345482,3.01422519599479,86410.877879625,3.00811392281804,86154.334791946,3.01263497526376,86037.224534012,3.02486649583913,86461.392621841,3.00758132241644,87215.21056872,2.99013950904019,87257.969718007,2.98993633332206
0.012206665272,88367.5469658,3.02607902957305,89569.46712807,2.94952338515282,86226.510792005,3.01383686045961,86219.785708326,3.01415692072468,86423.01159289,3.00805088785784,86154.865148347,3.0129025340132,86048.770556075,3.02469046889829,86472.497546679,3.00756864363188,87200.652210854,2.99056291131611,87264.587916355,2.98963924678839
0.012361167364,88364.7517148,3.02601271528794,89572.107883851,2.94952735472226,86233.12510363,3.0137482683531,86226.454797514,3.01406839433014,86431.342792216,3.0079282545914,86175.078381777,3.01269472734271,86057.969942654,3.02457817232206,86481.228557088,3.00744946255189,87183.975343928,2.99106502600204,87264.289691391,2.98948836040052
0.0125156694561,88361.9564639,3.02594743636909,89574.748639632,2.94953187295589,86239.739415255,3.01366024062451,86233.123886701,3.01398043232535,86439.673991543,3.00780619875462,86195.291615208,3.01248759945104,86067.169329233,3.0244664344401,86489.959567496,3.00733086209453,87167.298477001,2.99156780157937,87263.991466428,2.98933803236958
0.0126701715481,88359.1612129,3.02588319284359,89577.389395413,2.94953693991206,86246.35372688,3.01357277730125,86239.792975889,3.01389303473801,86448.00519087,3.00768472028687,86215.504848639,3.01228115010723,86076.368715812,3.02435525526853,86498.690577904,3.00721284220436,87150.621610075,2.99207123845054,87263.693241464,2.98918826276201
0.0128246736402,88356.365962,3.02581998473063,89580.030151194,2.94954255564947,86252.968038505,3.01348587841001,86246.462065077,3.01380620159559,86456.336390196,3.00756381912688,86235.718082069,3.01207537908001,86085.56810239,3.02424463482286,86507.421588312,3.00709540282604,87133.944743149,2.99257533701764,87263.3950165,2.98903905164384
0.0129791757322,88353.570711,3.02575781205516,89582.670906975,2.94954872022602,86259.58235013,3.01339954397795,86253.131154264,3.01371993292526,86464.667589523,3.00744349521368,86255.9313155,3.01187028613755,86094.767488969,3.02413457311824,86516.15259872,3.00697854390356,87117.267876223,2.99308009768294,87263.096791536,2.98889039908086
0.0131336778243,88350.7754601,3.02569667483421,89585.311662756,2.94955543369939,86266.196661755,3.01331377403114,86259.800243452,3.01363422875343,86472.998788849,3.00732374848556,86276.144548931,3.01166587104862,86103.966875548,3.02402507017001,86524.883609128,3.00686226538077,87100.591009297,2.99358552084823,87262.798566572,2.98874230513856
0.0132881799163,88347.9802091,3.02563657309068,89587.952418537,2.94956269612709,86272.81097338,3.01322856859591,86266.46933264,3.01354908910696,86481.329988176,3.00720457888085,86296.357782362,3.01146213358095,86113.166262127,3.02391612599268,86533.614619536,3.00674656720117,87083.914142371,2.99409160691552,87262.500341608,2.98859476988215
0.0134426820084,88345.1849582,3.02557750683946,89590.593174318,2.94957050756617,86279.425285005,3.01314392769772,86273.138421827,3.01346451401198,86489.661187503,3.00708598633725,86316.571015792,3.01125907350295,86122.365648706,3.02380774060067,86542.345629944,3.00663144930803,87067.237275445,2.99459835628632,87262.202116645,2.98844779337649
0.0135971841004,88349.1263932,3.02558563043143,89596.725658945,2.94948388190564,86285.358943492,3.01307082276941,86279.038462602,3.01339099096566,86498.513116955,3.00704956119263,86309.376437616,3.01159529301301,86129.989815763,3.02366230868296,86549.318888662,3.00664513126598,87120.229861241,2.99390109325737,87318.673557977,2.98789394842893
0.0137516861925,88355.4955524,3.02561809046603,89604.122661975,2.94936341949117,86291.043517843,3.01300236087642,86284.657164468,3.01332193551124,86507.561433934,3.00704441580616,86292.059289869,3.0121311252501,86137.035264365,3.02350349239293,86555.628862905,3.00670731070843,87198.708270165,2.9927642741542,87395.824341331,2.98719402151385
0.0139061882845,88361.8647117,3.02565073052809,89611.519665004,2.94924353570703,86296.728092194,3.01293447911258,86290.275866334,3.01325346029661,86516.609750913,3.00703987034939,86274.742142122,3.01266763317026,86144.080712967,3.02334527413884,86561.938837149,3.00677007219538,87277.186679089,2.9916295713823,87472.975124685,2.98649575341635
0.0140606903766,88368.2338709,3.02568355060213,89618.916668033,2.94912423057665,86302.412666545,3.01286717751407,86295.894568199,3.01318556535752,86525.658067892,3.00703592476954,86257.424994375,3.01320481715243,86151.126161569,3.02318765384043,86568.248811392,3.00683341574129,87355.665088014,2.99049698094011,87550.12590804,2.98579914124872
0.0142151924686,88374.6030301,3.02571655073249,89626.313671063,2.94900550412238,86308.097240896,3.01280045611679,86301.513270065,3.01311825072948,86534.706384872,3.00703257901384,86240.107846628,3.01374267757515,86158.171610171,3.02303063141753,86574.558785635,3.00689734135992,87434.143496938,2.98936649883866,87627.276691394,2.98510418213158
0.0143696945607,88380.9721894,3.02574973089855,89633.710674092,2.94888735636679,86313.781815248,3.01273431495623,86307.131971931,3.01305151644804,86543.754701851,3.00702983302897,86222.790698881,3.01428121481694,86165.217058772,3.02287420678963,86580.868759879,3.00696184906455,87512.621905862,2.98823812110147,87704.427474748,2.98441087319508
0.0145241966527,88387.3413486,3.02578309108474,89641.107677121,2.94876978733197,86319.466389599,3.01266875406767,86312.750673797,3.01298536254804,86552.80301883,3.00702768676119,86205.473551134,3.01482042925647,86172.262507374,3.02271837987566,86587.178734122,3.00702693886884,87591.100314786,2.98711184376399,87781.578258102,2.98371921157737
0.0146786987448,88393.7105078,3.02581663133534,89648.504680151,2.94865279703959,86325.15096395,3.01260377348588,86318.369375663,3.01291978906416,86561.85133581,3.00702614015659,86188.156403387,3.0153603212718,86179.307955976,3.02256315059431,86593.488708365,3.00709261078526,87669.57872371,2.98598766287464,87858.729041456,2.9830291944257
0.0148332008368,88381.1370392,3.02583916746972,89648.291041068,2.94863716042654,86328.127479197,3.01251596697341,86321.378446177,3.01283193905552,86567.621606272,3.00693700852837,86192.912592443,3.01547520456371,86185.227708726,3.02243014121828,86599.852666013,3.00699648368172,87743.488887054,2.98487847784886,87938.060937529,2.98221140480421
0.0149877029289,88364.0312214,3.02585922218115,89646.256425087,2.94864620697276,86330.456044771,3.01242314075722,86323.763117548,3.01273920079931,86572.607547779,3.00682736826162,86202.950206612,3.01548886464357,86190.8781194,3.02230288642678,86606.229540118,3.00686210259911,87816.306019147,2.98377432942176,88017.914702297,2.98136449623767
0.0151422050209,88346.9254035,3.02587947300578,89644.221809106,2.94865582379817,86332.784610345,3.0123308952671,86326.14778892,3.01264704328818,86577.593489286,3.00671831806253,86212.987820781,3.01550314908167,86196.528530075,3.02217621093685,86612.606414224,3.00672832170144,87889.12315124,2.98267211203004,88097.768467065,2.98051945191558
0.015296707113,88329.8195857,3.02589991996891,89642.187193125,2.94866601098517,86335.113175919,3.01223923055139,86328.532460291,3.012555466571,86582.579430793,3.0066098578557,86223.02543495,3.01551805776726,86202.178940749,3.02205011474293,86618.983288329,3.00659514092048,87961.940283333,2.98157182239792,88177.622231834,2.97967626835183
0.015451209205,88312.7137678,3.02592056305631,89640.152577144,2.94867676861615,86337.441741493,3.01214814665835,86330.917131663,3.01246447069635,86587.5653723,3.00650198756564,86233.063049119,3.01553359058889,86207.829351424,3.02192459783907,86625.360162434,3.00646256018725,88034.757415426,2.98047345725897,88257.475996602,2.97883494207129
0.0156057112971,88295.60795,3.0259414022932,89638.117961163,2.94868809677281,86339.770307067,3.01205764363565,86333.301803034,3.01237405571216,86592.551313807,3.00639470711629,86243.100663287,3.01554974743526,86213.479762098,3.02179966021906,86631.737036539,3.00633057943246,88107.574547519,2.97937701335569,88337.32976137,2.97799546960966
0.0157602133891,88278.5021321,3.02596243767152,89636.083345182,2.94869999553686,86342.098872642,3.01196772153065,86335.686474405,3.01228422166642,86597.537255314,3.00628801643122,86253.138277456,3.01556652819424,86219.130172773,3.02167530187635,86638.113910645,3.00619919858662,88180.391679611,2.97828248744031,88417.183526139,2.97715784751351
0.0159147154812,88261.9481215,3.02598220358014,89634.139431505,2.94871048577187,86344.434790359,3.01187849480674,86338.076931201,3.01219507217114,86602.536313023,3.00618320568282,86262.843191443,3.0155889908995,86224.761364302,3.02155130496013,86644.447707129,3.00607081008071,88252.144365981,2.97721362208885,88495.439441954,2.97634821080878
0.0160692175732,88283.9273191,3.02590303233777,89638.722257869,2.94858005851119,86347.281018733,3.01180206479212,86340.854743171,3.01211793068125,86608.074816936,3.00624545097193,86243.367991066,3.01604489827706,86228.381773088,3.02141288541183,86644.540157973,3.00622138175161,88238.323497541,2.9781069600537,88456.980897398,2.97744952126296
0.0162237196653,88306.0007938,3.02582496303145,89643.321507062,2.94844984248419,86350.128488365,3.01172624473791,86343.633463668,3.01204139725477,86613.613754299,3.00630887090086,86223.807394502,3.01650271472794,86231.995687794,3.02127500801398,86644.609726036,3.00637347056765,88224.266791361,2.97900656342191,88418.224703326,2.97855685752449
0.0163782217573,88328.0742685,3.02574823345688,89647.920756254,2.94832019160675,86352.975957997,3.01165099483412,86346.412184165,3.01196543408444,86619.152691663,3.00637287834476,86204.246797938,3.0169611943454,86235.6096025,3.02113770889436,86644.679294099,3.00652613346779,88210.210085181,2.97990692223983,88379.468509254,2.97966535079942
0.0165327238494,88350.1477432,3.02567284360144,89652.520005447,2.94819110592013,86355.823427629,3.01157631513436,86349.190904662,3.01189004122349,86624.691629026,3.00643747327106,86184.686201373,3.01742033752108,86239.223517206,3.02100098797301,86644.748862162,3.00667937052908,88196.153379002,2.98080803682496,88340.712315182,2.98077500231515
0.0166872259414,88372.2212178,3.02559879350205,89657.11925464,2.9480625854652,86358.670897261,3.01150220569151,86351.969625159,3.01181521872453,86630.23056639,3.00650265564632,86165.125604809,3.01788014464671,86242.837431913,3.02086484516966,86644.818430225,3.00683318182852,88182.096672822,2.98170990749447,88301.95612111,2.98188581330083
0.0168417280335,88394.2946925,3.0255260831518,89661.718503832,2.94793463028206,86361.518366894,3.01142866655859,86354.748345656,3.0117409666402,86635.769503754,3.00656842543731,86145.565008245,3.01834061611368,86246.451346619,3.02072928040362,86644.887998288,3.00698756744287,88168.039966642,2.98261253456475,88263.199927038,2.98299778498613
0.0169962301255,88416.3681672,3.02545471254705,89666.317753025,2.94780724041127,86364.365836526,3.01135569778785,86357.527066153,3.01166728502282,86641.308441117,3.00663478260998,86126.004411681,3.01880175231368,86250.065261325,3.02059429359411,86644.957566352,3.00714252744788,88153.983260463,2.98351591835253,88224.443732966,2.98411091860229
0.0171507322176,88423.3165687,3.02537685178747,89664.991886968,2.94775929134886,86365.062998359,3.01126437528485,86358.22948203,3.01157574946121,86645.767388478,3.00659487379326,86112.804301468,3.01921648378658,86253.168844882,3.02045570571441,86649.190493959,3.00709540558644,88133.284092648,2.98452615430586,88187.416952986,2.98515481762463
0.0173052343096,88419.8053457,3.02529492301895,89659.568554426,2.94776647092794,86364.273131877,3.01116055532583,86357.496045906,3.0114720620358,86649.479477314,3.00648167249066,86104.002735174,3.01959933241273,86255.919512979,3.02031481664603,86656.302559859,3.0069087565117,88107.991383142,2.98561071550838,88151.586135612,2.98615114704731
0.0174597364017,88416.2941226,3.02521434276265,89654.145221884,2.9477742380605,86363.483265396,3.01105732968319,86356.762609782,3.01136896895021,86653.191566149,3.00636907573122,86095.201168879,3.01998284974035,86258.670181076,3.02017451907732,86663.414625758,3.006722736739,88082.698673636,2.98669628431035,88115.755318238,2.98714857787385
0.0176142384937,88412.7828996,3.02513511104183,89648.721889342,2.94778259285477,86362.693398915,3.01095469842613,86356.029173658,3.01126647027444,86656.903654985,3.00625708341632,86086.399602585,3.02036703587386,86261.420849172,3.0200348129783,86670.526691658,3.00653734616987,88057.40596413,2.98778286130828,88079.924500864,2.98814711117479
0.0177687405858,88409.2716766,3.02505722786143,89643.2985568,2.94779153541853,86361.903532434,3.01085266162411,86355.295737534,3.01116456607801,86660.61574382,3.00614569544714,86077.598036291,3.02075189091733,86264.171517269,3.01989569831767,86677.638757557,3.00635258470553,88032.113254625,2.9888704470987,88044.093683491,2.98914674802155
0.0179232426778,88405.7604536,3.02498069326295,89637.875224259,2.94780106585897,86361.113665953,3.01075121934582,86354.56230141,3.01106325643001,86664.327832656,3.00603491172424,86068.796469996,3.02113741497438,86266.922185366,3.01975717506456,86684.750823456,3.00616845224681,88006.820545119,2.98995904227792,88008.262866117,2.9901474894865
0.0180777447699,88402.2492306,3.02490550723685,89632.451891717,2.94781118428345,86360.323799472,3.01065037165964,86353.828865286,3.01096254139964,86668.039921491,3.00592473214836,86059.994903702,3.02152360814828,86269.672853463,3.01961924318779,86691.862889356,3.0059849486942,87981.527835613,2.99104864744264,87972.432048743,2.99114933664276
0.0182322468619,88402.4599047,3.02486977472637,89630.063650941,2.94776225214319,86360.122644344,3.01055391185558,86353.636271022,3.01086584123273,86670.364951809,3.00592217070826,86051.427905595,3.0218135217887,86271.824386037,3.01948832664642,86692.993459101,3.00597668236612,87974.34956024,2.99148260067283,87966.621904963,2.9913988618109
0.018386748954,88408.8028001,3.02489775142698,89632.702810693,2.94761515818299,86360.898119282,3.01046447456656,86354.340579074,3.010775545482,86670.280009491,3.00610240361486,86043.200549014,3.02194168332566,86272.9564301,3.01936906587494,86683.969573653,3.00626466447507,87997.120410601,2.99082528317702,88010.629994533,2.9903956386067
0.018541251046,88415.1456955,3.02492582289049,89635.341970445,2.94746861808762,86361.673594219,3.01037559911987,86355.044887127,3.01068581167993,86670.195067174,3.00628321675821,86034.973192433,3.02207038379026,86274.088474163,3.01925036948295,86674.945688206,3.00655324033061,88019.891260962,2.99016869887805,88054.638084104,2.98939364354889
0.0186957531381,88421.488591,3.02495398909994,89637.981130197,2.94732263191559,86362.449069157,3.01028728558629,86355.74919518,3.01059663989719,86670.110124857,3.00646461016498,86026.745835852,3.0221996233757,86275.220518225,3.01913223739323,86665.921802758,3.00684241013803,88042.662111323,2.98951284766993,88098.646173674,2.98839287543337
0.0188502552301,88427.8314864,3.02498225005296,89640.620289949,2.94717719972486,86363.224544094,3.01019953403652,86356.453503233,3.01050803020404,86670.02518254,3.00664658386116,86018.518479271,3.02232940227534,86276.352562288,3.01901466952788,86656.89791731,3.00713217410186,88065.432961684,2.98885772944675,88142.654263244,2.98739333305838
0.0190047573222,88434.1743818,3.02501060575733,89643.259449701,2.94703232157339,86364.000019032,3.01011234454066,86357.157811286,3.01041998267061,86669.940240222,3.00682913787288,86010.29112269,3.02245972068229,86277.48460635,3.01889766580879,86647.874031863,3.00742253242668,88088.203812045,2.9882033441024,88186.662352815,2.98639501522333
0.0191592594142,88440.5172773,3.02503905621171,89645.898609454,2.94688799751876,86364.775493969,3.01002571716894,86357.862119339,3.01033249736644,86669.855297905,3.00701227222538,86002.06376611,3.02259057878946,86278.616650413,3.01878122615781,86638.850146415,3.00771348531694,88110.974662406,2.98754969153068,88230.670442385,2.9853979207296
0.0193137615063,88434.6016064,3.02506087434365,89643.753923674,2.94680788478631,86363.752933118,3.00992395356823,86356.824982763,3.0102303496195,86672.159238309,3.0070468650976,85986.690997124,3.02295251410858,86279.300561573,3.01865279980322,86638.577081866,3.00775404303286,88128.650829494,2.98700518318824,88271.815860281,2.98442453539447
0.0194682635983,88413.4635843,3.02507445070577,89635.668789796,2.94680740838872,86360.497620769,3.00980329018941,86353.625368036,3.01010989034792,86677.429627718,3.00689689775008,85962.445251105,3.02360149336714,86279.427993595,3.01850937729251,86649.170546559,3.00748358428164,88140.00055871,2.98659594810654,88309.406491051,2.98348023537938
0.0196227656904,88392.3255622,3.02508814532564,89627.583655917,2.94680753389966,86357.242308419,3.0096832331833,86350.425753309,3.00999003747758,86682.700017127,3.00674755882128,85938.199505087,3.02425132974573,86279.555425616,3.01836655327117,86659.764011251,3.007213804767,88151.350287926,2.98618733251226,88346.997121821,2.98253707322447
0.0197772677824,88371.1875401,3.02510195820716,89619.498522039,2.94680826145509,86353.986996069,3.00956378264179,86347.226138583,3.00987079110117,86687.970406536,3.00659884816995,85913.953759068,3.02490202369251,86279.682857637,3.01822432769184,86670.357475944,3.00694470434487,88162.700017141,2.98577933650932,88384.587752592,2.98159504803022
0.0199317698745,88350.049518,3.02511588935418,89611.413388161,2.94680959119015,86350.73168372,3.00944493865687,86344.026523856,3.00975215131075,86693.240795945,3.00645076565371,85889.708013049,3.02555357565596,86279.810289659,3.01808270050753,86680.950940637,3.00667628287072,88174.049746357,2.98537196020089,88422.178383362,2.98065415889826
0.0200862719665,88328.9114959,3.02512993877064,89603.328254283,2.94681152324011,86347.47637137,3.00932670131974,86340.82690913,3.00963411819831,86698.511185354,3.00630331113057,85865.462267031,3.02620598608436,86279.93772168,3.01794167167045,86691.54440533,3.00640854019941,88185.399475573,2.98496520369033,88459.769014132,2.97971440493076
0.0202407740586,88307.7734738,3.02514410646977,89595.243120405,2.94681405773991,86344.221059021,3.00920907072194,86337.627294403,3.0095166918555,86703.781574762,3.00615648445774,85841.216521012,3.02685925542616,86280.065153701,3.01780124113299,86702.137870023,3.0061414761857,88196.749204788,2.98455906708063,88497.359644903,2.97877578523122
0.0203952761506,88319.5962055,3.0250795878443,89594.21503528,2.94668467210298,86342.817982881,3.00909776394112,86336.182243734,3.00940464838719,86697.623044896,3.0063914448392,85839.320027019,3.02684935298348,86279.613270469,3.01769176241393,86689.264271853,3.00641401711147,88206.915611321,2.98468791725436,88497.819170854,2.97914922457552
0.0205497782427,88341.7433691,3.0249918915235,89595.403056983,2.94651425471544,86341.998071833,3.0089888945734,86335.28946672,3.00929474685454,86687.752335813,3.00675014181663,85844.508183101,3.02662864590071,86278.96870539,3.01759272650249,86668.869822774,3.00685988467052,88216.746923253,2.98498463929145,88486.409386414,2.97994125133141
0.0207042803347,88363.8905327,3.02490583267848,89596.591078686,2.94634438159788,86341.178160785,3.00888057964076,86334.396689705,3.00918539986865,86677.88162673,3.00710945199634,85849.696339182,3.02640848714449,86278.324140311,3.01749424511832,86648.475373696,3.00730641956198,88226.578235184,2.98528191183866,88474.999601973,2.98073398361426
0.0208587824268,88386.0376962,3.0248214112948,89597.779100389,2.94617505282604,86340.358249737,3.00877281923228,86333.50391269,3.00907660751821,86668.010917646,3.00746937552095,85854.884495264,3.02618887672792,86277.679575232,3.01739631818835,86628.080924617,3.00775362222362,88236.409547116,2.98557973472626,88463.589817533,2.98152742149122
0.0210132845188,88408.1848598,3.02473862738761,89598.967122092,2.94600626847607,86339.538338689,3.00866561343681,86332.611135675,3.00896836989191,86658.140208563,3.0078299125334,85860.072651346,3.02596981466475,86277.035010152,3.01729894563949,86607.686475538,3.00820149309292,88246.240859047,2.98587810778435,88452.180033092,2.98232156502925
0.0211677866109,88430.3320234,3.02465748093768,89600.155143795,2.94583802862328,86338.718427641,3.00855896234309,86331.71835866,3.00886068707817,86648.26949948,3.00819106317576,85865.260807427,3.02575130096789,86276.390445073,3.01720212739821,86587.29202646,3.00865003260722,88256.072170979,2.98617703084331,88440.770248652,2.98311641429533
0.0213222887029,88443.7212179,3.02457297200202,89597.936188376,2.94571553236791,86336.56559287,3.0084413805751,86329.530263341,3.00874246945201,86644.237374879,3.00838008040758,85861.073308457,3.02578325655832,86275.250160765,3.01709461855748,86576.791610178,3.00887568457973,88263.35175099,2.9865333180935,88425.5026881,2.98398974404143
0.021476790795,88436.3095709,3.02447828261016,89587.625403489,2.94570097715728,86331.246963005,3.00829711536661,86324.265688653,3.00859850838619,86654.072331936,3.00815946131652,85834.617916538,3.02640955160369,86272.932505634,3.01696098901501,86589.790273364,3.00857107746884,88264.570773853,2.98702514241079,88401.072616238,2.98504869920059
0.021631292887,88428.8979238,3.02438531907781,89577.314618602,2.9456870366,86325.928333139,3.00815346768051,86319.001113965,3.00845516487879,86663.907288993,3.00793951376897,85808.162524618,3.02703671931709,86270.614850502,3.01682796367238,86602.788936551,3.00826719442506,88265.789796717,2.9875175918437,88376.642544375,2.98610866717297
0.0217857949791,88421.4862767,3.02429408143361,89567.003833716,2.94567371086241,86320.609703274,3.00801043763421,86313.736539277,3.00831243904784,86673.74224605,3.00772023753626,85781.707132699,3.02766476021086,86268.297195371,3.01669554247448,86615.787599738,3.00796403529858,88267.00881958,2.98801066628554,88352.212472513,2.98716964830831
0.0219402970711,88414.0746297,3.02420456965384,89556.693048829,2.9456610001105,86315.291073409,3.00786802534516,86308.471964589,3.00817033101122,86683.577203107,3.00750163238957,85755.25174078,3.02829367479775,86265.979540239,3.0165637253652,86628.786262924,3.00766159993906,88268.227842444,2.98850436562967,88327.78240065,2.9882316429564
0.0220947991632,88406.6629826,3.0241167837666,89546.382263942,2.94564890451026,86309.972443543,3.00772623093028,86303.207389901,3.00802884088588,86693.412160164,3.00728369809954,85728.796348861,3.02892346359051,86263.661885108,3.01643251228837,86641.784926111,3.00735988819618,88269.446865307,2.98899868976885,88303.352328787,2.98929465146725
0.0222493012552,88400.6918325,3.02403830090325,89537.082751285,2.94561876439076,86304.965893186,3.00758536034294,86298.242660592,3.00788812489488,86700.246590617,3.00713736205283,85705.544561353,3.02946421799262,86261.381490883,3.0163063061578,86650.60545996,3.00713922612298,88268.665377428,2.9894495116316,88282.502889462,2.99018134996817
0.0224038033473,88407.9670909,3.0240314953445,89537.178566116,2.94541608678795,86302.875051962,3.00744853582831,86296.07821909,3.00775006365015,86678.001443572,3.007677855345,85713.036150409,3.02914032021513,86259.392424622,3.01622465240234,86619.571540194,3.00768592949091,88249.259219151,2.98949208254957,88294.830015677,2.98941880672144
0.0225583054393,88415.2423493,3.02402472381719,89537.274380946,2.94521394480882,86300.784210738,3.00731225860541,86293.913777588,3.00761254981945,86655.756296528,3.00821907343474,85720.527739465,3.02881699472429,86257.403358361,3.01614354514786,86588.537620427,3.00823339015371,88229.853060874,2.98953522407218,88307.157141893,2.98865694978019
0.0227128075314,88422.5176077,3.02401798632618,89537.370195777,2.9450123385489,86298.693369514,3.00717652878342,86291.749336086,3.00747558351202,86633.511149483,3.0087610166892,85728.019328521,3.02849424145609,86255.4142921,3.01606298432691,86557.50370066,3.00878160887911,88210.446902597,2.98957893643935,88319.484268109,2.98789577914888
0.0228673096234,88429.7928661,3.024011282855,89537.466010608,2.94481126810314,86296.60252829,3.00704134647172,86289.584894584,3.00733916483636,86611.266002439,3.00930368547588,85735.510917577,3.02817206034609,86253.425225839,3.01598296987172,86526.469780894,3.0093305864358,88191.04074432,2.98962321989154,88331.811394325,2.9871352948311
0.0230218117155,88437.0681245,3.02400461343675,89537.561825439,2.94461073356653,86294.511687066,3.00690671177903,86287.420453082,3.00720329390156,86589.020855394,3.00984708016194,85743.002506633,3.0278504513303,86251.436159578,3.01590350171425,86495.435861127,3.009880323593,88171.634586043,2.98966807466861,88344.13852054,2.98637549683109
0.0231763138075,88442.0398387,3.02399673324494,89536.772450357,2.94442242207518,86292.059993555,3.00676954451638,86284.904166086,3.00706501024368,86569.339268915,3.01033341851358,85748.173355302,3.02759054286112,86249.258997402,3.0158216483151,86466.993332881,3.01038193989248,88151.527523654,2.98972972698991,88355.634090621,2.98563266441633
0.0233308158996,88417.2250199,3.02397279312002,89524.536914168,2.94438581681831,86284.942212728,3.00659313749988,86277.838256294,3.00688903505382,86582.806419019,3.01007330568952,85723.335312115,3.02812177928348,86244.649615751,3.01570246912116,86472.05941608,3.0102522038055,88122.357252049,2.99000186333442,88356.377024065,2.98510099570404
0.0234853179916,88392.4102011,3.02394889092886,89512.301377979,2.94434983746489,86277.824431902,3.00641735858217,86270.772346502,3.00671368800803,86596.273569123,3.00981390823226,85698.497268928,3.02865384161358,86240.0402341,3.01558389972457,86477.125499279,3.01012314880242,88093.186980444,2.99027475532229,88357.119957508,2.98456996569962
0.0236398200837,88367.5953822,3.02392502663927,89500.06584179,2.94431448421537,86270.706651076,3.00624220791014,86263.70643671,3.00653896925324,86609.740719227,3.00955522582806,85673.659225741,3.02918673031243,86235.430852449,3.0154659400663,86482.191582479,3.00999477493247,88064.016708838,2.99054840344269,88357.862890951,2.98403957451745
0.0237943221757,88342.7805634,3.02390120025121,89487.830305601,2.94427975727015,86263.588870249,3.00606768562975,86256.640526918,3.00636487893645,86623.207869331,3.00929725816284,85648.821182554,3.02972044584135,86230.821470797,3.01534859008762,86487.257665678,3.00986708224492,88034.846437233,2.99082280818498,88358.605824394,2.98350982227077
0.0239488242678,88317.9657446,3.02387741176073,89475.594769411,2.94424565682921,86256.471089423,3.0058937918875,86249.574617126,3.00619141720388,86636.675019435,3.0090400049224,85623.983139367,3.03025498866178,86226.212089146,3.01523184972899,86492.323748877,3.00974007078857,88005.676165627,2.99109797003872,88359.348757837,2.98298070907343
0.0241033263598,88308.2645175,3.02382639690153,89467.041847655,2.94414428968349,86250.629933668,3.00571987361638,86243.745480368,3.00601732151603,86635.419782367,3.00907222995264,85608.939383943,3.03051305507706,86222.145917241,3.01512873361546,86485.808748897,3.00978566550569,87999.078851188,2.99094171595638,88359.694503928,2.98273185306335
0.0242578284519,88330.5942824,3.02371907078599,89466.307280772,2.94389941365972,86247.504928024,3.00554532349886,86240.547345064,3.00584130013316,86602.600338605,3.0097242383405,85614.991988331,3.03017450906746,86219.226453151,3.01505464619259,86454.511441732,3.01019958828826,88040.832254449,2.98986109095033,88359.304025395,2.98307670483461
0.0244123305439,88352.9240473,3.02361375331226,89465.572713888,2.94365506556525,86244.379922379,3.00537131374061,86237.34920976,3.00566581924911,86569.780894844,3.01037711097381,85621.044592719,3.02983652650201,86216.306989062,3.01498109732495,86423.214134567,3.01061415769965,88082.585657711,2.98878167122851,88358.913546862,2.98342208481087
0.024566832636,88375.2538122,3.0235104444891,89464.838147005,2.94341124551609,86241.254916735,3.00519784447296,86234.151074456,3.00549087899512,86536.961451082,3.01103084852679,85627.097197107,3.02949910728396,86213.387524972,3.01490808694791,86391.916827402,3.01102937454633,88124.339060972,2.98770345545438,88358.523068329,2.98376799272604
0.024721334728,88397.5835771,3.02340914433385,89464.103580121,2.94316795362898,86238.129911091,3.00502491582804,86230.952939153,3.00531647950279,86504.142007321,3.01168545167459,85633.149801495,3.02916225131759,86210.468060883,3.01483561499678,86360.619520237,3.01144523963589,88166.092464234,2.98662644229285,88358.132589795,2.98411442831424
0.0248758368201,88419.9133419,3.02330985284963,89463.369013238,2.94292519001988,86235.004905446,3.00485252793692,86227.754803849,3.0051426209027,86471.32256356,3.01234092109284,85639.202405883,3.02882595850602,86207.548596793,3.01476368140623,86329.322213072,3.01186175377587,88207.845867496,2.98555063041077,88357.742111262,2.98446139130962
0.0250303389121,88418.0389749,3.02319788125522,89453.28485496,2.94280560574323,86227.910295483,3.00464687538604,86220.674035348,3.00493695172752,86468.3089595,3.01243052908421,85626.091737784,3.02900839939117,86202.068791639,3.01466275621567,86311.329362639,3.01213104510057,88246.041274575,2.98445001028972,88356.373512727,2.98484136088647
0.0251848410042,88406.1555723,3.0230820050253,89439.334398459,2.94273736078115,86219.174151309,3.00442786743726,86211.987697448,3.00471852846278,86477.620842215,3.01228650033198,85605.056560127,3.0294058466762,86195.530219135,3.01455022324979,86298.838249688,3.01233986681235,88282.76535807,2.98333982465684,88354.600436235,2.98523534627805
0.0253393430962,88394.2721698,3.02296832598485,89425.383941959,2.94266975169184,86210.438007135,3.00420949796467,86203.301359549,3.00450074372577,86486.93272493,3.01214316624526,85584.021382471,3.0298040522122,86188.991646631,3.01443830502454,86286.347136736,3.01254937349632,88319.489441565,2.98223082580301,88352.827359742,2.98562992594424
0.0254938451883,88382.3887672,3.02285684415441,89411.433485458,2.94260277871381,86201.701862961,3.00399176714848,86194.615021649,3.00428359769725,86496.244607644,3.01200052655017,85562.986204814,3.03020301635481,86182.453074126,3.01432700147837,86273.856023785,3.01275956556602,88356.21352506,2.98112301252836,88351.05428325,2.98602509951143
0.0256483472803,88370.5053646,3.02274755955421,89397.483028958,2.94253644208538,86192.965718787,3.00377467516838,86185.92868375,3.00406709055723,86505.556490359,3.01185858097314,85541.951027157,3.03060273945999,86175.914501622,3.01421631254931,86261.364910834,3.01297044343471,88392.937608556,2.98001638363351,88349.281206757,2.98642086660698
0.0258028493724,88365.6858499,3.02265918396207,89388.177131423,2.94238391079182,86185.98411196,3.00355455211763,86178.95236208,3.00384669797649,86498.361579907,3.01198793512425,85529.948174577,3.03073799048042,86170.489420434,3.01411519693055,86246.482588254,3.01311972424711,88392.427986974,2.97980846750032,88336.10251586,2.98688731705745
0.0259573514644,88372.9173183,3.0226035968428,89386.812362798,2.94208352884489,86182.007675073,3.00332887463234,86174.904624095,3.00361929020154,86462.773781439,3.01258329610881,85533.586842661,3.03041462496074,86166.969797325,3.01403062917832,86227.453725481,3.01316211171261,88328.268337848,2.98113643021796,88303.380109579,2.9874738402274
0.0261118535565,88380.1487868,3.02254801290441,89385.447594174,2.94178366812506,86178.031238186,3.00310373063988,86170.85688611,3.00339241608571,86427.18598297,3.01317951932563,85537.225510745,3.03009180391058,86163.450174217,3.01394659140109,86208.424862709,3.01320487390944,88264.108688721,2.98246627571718,88270.657703299,2.98806110472081
0.0262663556485,88387.3802552,3.02249243214948,89384.08282555,2.94148432877258,86174.054801299,3.002879120297,86166.809148125,3.00316607578558,86391.598184502,3.01377660551989,85540.864178829,3.02976952722726,86159.930551108,3.01386308353258,86189.395999937,3.01324801145691,88199.949039595,2.98379800690718,88237.935297018,2.98864911139418
0.0264208577406,88394.6117236,3.02243685458817,89382.718056925,2.94118551092776,86170.078364412,3.00265504376121,86162.76141014,3.00294026945773,86356.010386033,3.01437455543786,85544.502846914,3.02944779480855,86156.410927999,3.0137801055061,86170.367137165,3.01329152497588,88135.789390468,2.98513162670493,88205.212890737,2.98923786110461
0.0265753598326,88396.5217681,3.02237825075127,89379.333114413,2.94091347268342,86165.209613197,3.00242383119606,86157.838543212,3.00270768207641,86324.811737085,3.01490868967259,85545.113322937,3.02921157162345,86152.226431778,3.01369147170846,86149.856666763,3.01340034235087,88070.365312331,2.98647048797542,88172.104103344,2.98984562693076
0.0267298619247,88366.4792569,3.02230145355532,89363.818012977,2.94079969208253,86154.982949633,3.00214716342127,86147.660953795,3.0024317700451,86319.967790349,3.01505521406496,85527.540982529,3.02948616237291,86144.049696786,3.01356627662257,86120.449865145,3.01389963581192,87997.348954662,2.98783155894385,88136.675285815,2.99056395834955
0.0268843640167,88336.4367457,3.02222464880199,89348.30291154,2.94068655541452,86144.756286069,3.0018711441416,86137.483364378,3.0021565065521,86315.123843613,3.01520242480922,85509.968642122,3.02976146546924,86135.872961794,3.01344169902278,86091.043063526,3.01439973145212,87924.332596994,2.98919487890943,88101.246468287,2.99128321942732
0.0270388661088,88306.3942345,3.02214783645606,89332.787810103,2.94057406296106,86134.529622505,3.00159577357632,86127.30577496,3.00188189181735,86310.279896877,3.01535032180174,85492.396301715,3.0300374811933,86127.696226801,3.01331773884104,86061.636261908,3.0149006302437,87851.316239325,2.99056045186937,88065.817650759,2.99200341125685
0.0271933682008,88276.3517234,3.02207101649322,89317.272708666,2.94046221500354,86124.302958942,3.0013210519443,86117.128185543,3.00160792606033,86305.435950141,3.01549890493842,85474.823961307,3.03031420982615,86119.519491809,3.01319439600877,86032.22946029,3.01540233315955,87778.299881657,2.99192828183174,88030.38883323,2.99272453493149
0.0273478702929,88256.2084232,3.02198286875663,89304.307840747,2.94030211515341,86115.108196203,3.00104310495265,86107.960798131,3.00133022107156,86296.586531853,3.01568126814846,85460.733220212,3.03048320329422,86112.155862865,3.01307339515234,86007.704115937,3.01574114713322,87729.272607174,2.99281384822083,88004.501390007,2.99310897163183
0.0275023723849,88279.18223,3.02184707231388,89302.472534157,2.93992927883785,86110.426594608,3.00074911224553,86103.211014568,3.00103422730511,86270.084218322,3.01600945452133,85462.083317644,3.03017151546643,86108.355171876,3.01296179677249,86004.635603265,3.01535759109589,87784.797592283,2.99158690938945,88021.010505027,2.99200764587628
0.027656874477,88302.1560369,3.02171373141759,89300.637227568,2.93955695850342,86105.744993013,3.00045564641841,86098.461231005,3.00073876062559,86243.58190479,3.01633829357321,85463.433415075,3.02986035057662,86104.554480887,3.01285071934165,86001.567090592,3.01497427262375,87840.322577392,2.99036157763157,88037.519620047,2.99090668357061
0.027811376569,88325.1298438,3.02158284624555,89298.801920978,2.93918515431742,86101.063391417,3.00016270765714,86093.711447442,3.00044382121836,86217.079591258,3.01666778572664,85464.783512506,3.02954970850972,86100.753789897,3.01274016278459,85998.498577919,3.01459119235538,87895.847562501,2.98913785084846,88054.028735066,2.98980608366061
0.0279658786611,88348.1036506,3.02145441696059,89296.966614389,2.9388138664473,86096.381789822,2.99987029614806,86088.961663879,3.00014940926944,86190.577277726,3.01699793140443,85466.133609937,3.02923958915161,86096.953098908,3.01263012702598,85995.430065247,3.0142083509302,87951.37254761,2.9879157269464,88070.537850086,2.98870584509185
0.0281203807531,88358.3371545,3.02132046930871,89290.266336418,2.93850555654498,86089.470092338,2.99955880806697,86082.020314428,2.99983686296576,86165.881211469,3.01737327284425,85461.997508646,3.02908700831684,86091.336366361,3.01250461773696,85982.238092458,3.01411612433809,88005.260146132,2.98668343902792,88087.592408163,2.98755783368157
0.0282748828452,88341.6783148,3.02117236469571,89273.297034014,2.9383296956927,86077.851088813,2.99920655379335,86070.452988401,2.99948553894685,86144.997787863,3.01784340482115,85446.281090777,3.02926649330534,86081.886317301,3.01234593132034,85947.677430905,3.0146373754573,88055.691534626,2.98542792108045,88105.798292251,2.98630866949633
0.0284293849372,88325.019475,3.02102704843419,89256.32773161,2.93815448519423,86066.232085288,2.99885495830836,86058.885662374,2.99913487371839,86124.114364258,3.01831436836852,85430.564672908,3.02944667154973,86072.436268241,3.01218786087035,85913.116769352,3.01515933816984,88106.122923121,2.98417400679871,88124.004176339,2.98505999614628
0.0285838870293,88308.3606352,3.02088452077352,89239.358429206,2.93797992537967,86054.613081762,2.99850402187708,86047.318336347,2.99878486754591,86103.230940653,3.01878616369232,85414.848255039,3.02962754327752,86062.986219182,3.01203040629989,85878.556107799,3.01568201379999,88156.554311615,2.98292169435385,88142.210060427,2.98381181223951
0.0287383891213,88291.7017954,3.02074478187976,89222.389126802,2.93780601657932,86042.994078237,2.99815374476457,86035.75101032,2.99843552069496,86082.347517047,3.01925879099867,85399.13183717,3.02980910871674,86053.536170122,3.01187356752143,85843.995446245,3.01620540367399,88206.985700109,2.98167098192086,88160.415944514,2.98256411638297
0.0288928912134,88292.8790661,3.02060454045533,89216.055180143,2.93742172190852,86035.939279497,2.99777936618027,86028.66452651,2.99805977972123,86067.533650412,3.01934490401994,85394.159443839,3.02964041430321,86047.996375975,3.011735465146,85836.808110064,3.01592735331132,88176.903559216,2.98169889491652,88136.838142638,2.98328283178557
0.0290473933054,88301.0211767,3.0204634864666,89213.8808984,2.93695543687989,86030.671584959,2.99739591134992,86023.332364556,2.99767406569476,86055.082024776,3.01927948024515,85393.429414123,3.02933359605302,86043.992378697,3.01160527229177,85840.430492976,3.01533222191188,88115.330644841,2.9822312042073,88096.84958592,2.98477326287528
0.0292018953975,88309.1632872,3.02032246165708,89211.706616657,2.93648966522484,86025.403890421,2.99701297781323,86018.000202601,2.99728887322834,86042.630399141,3.01921454967989,85392.699384407,3.02902728242974,86039.98838142,3.01147559603622,85844.052875889,3.01473723751293,88053.757730465,2.98276409341042,88056.861029201,2.98626492355845
0.0293563974895,88317.3053978,3.02018146600468,89209.532334914,2.93602440714208,86020.136195883,2.99663056579035,86012.668040647,2.99690420254187,86030.178773505,3.01915011248177,85391.969354691,3.02872147332519,86035.984384142,3.0113464363077,85847.675258801,3.01414240092765,87992.184816089,2.98329756232143,88016.872472482,2.9877578154327
0.0295108995816,88317.1905091,3.0200352680904,89204.266844049,2.93559868837787,86013.406049775,2.99623526495851,86005.897219548,2.99650728315623,86013.718357813,3.01922450063312,85388.533619052,3.02849529894279,86030.762276541,3.01120514594267,85844.521490843,3.01373339321998,87932.218257005,2.98375106747215,87976.038552388,2.98926043365261
0.0296654016736,88282.1536107,3.01986694446251,89185.927446967,2.9353386212027,86000.490636375,2.9957838555271,85993.041758426,2.99605696136672,85980.303235018,3.0198847599545,85373.654417734,3.02860440878974,86020.388314277,3.01101094278706,85812.708787979,3.01410998209693,87879.045589117,2.98386417778392,87931.629267103,2.99080038512413
0.0298199037657,88247.1167124,3.01969860111353,89167.588049885,2.93507920876994,85987.575222975,2.99533311569255,85980.186297305,2.9956073090751,85946.888112222,3.02054604949394,85358.775216417,3.02871420365159,86010.014352013,3.01081735702174,85780.896085115,3.01448694720224,87825.87292123,2.98397731885487,87887.219981817,2.99234186907076
0.0299744058577,88212.079814,3.01953023800184,89149.248652803,2.93482045146469,85974.659809575,2.99488304577419,85967.330836184,2.99515832660139,85913.472989427,3.0212083698804,85343.8960151,3.02882468374084,85999.640389749,3.01062438855176,85749.083382251,3.01486428999043,87772.700253343,2.98409048877441,87842.810696532,2.99388488760693
0.0301289079498,88177.0429156,3.01936185511773,89130.909255721,2.93456234967269,85961.744396175,2.994433646091,85954.475375062,2.994710014265,85880.057866631,3.02187172174388,85329.016813782,3.02893584927026,85989.266427484,3.0104320372816,85717.270679387,3.0152420119182,87719.527585455,2.98420368562814,87798.401411246,2.99542944284988
0.0302834100418,88196.1963199,3.01918426051417,89127.174216327,2.93400255916705,85955.378382983,2.99393778616795,85948.058230537,2.99421197016769,85877.966183997,3.02151398970146,85326.211375812,3.02857617009451,85984.074343153,3.01030356186724,85717.11244982,3.01468625796098,87744.515500781,2.98430427177251,87771.400123576,2.99481660776267
0.0304379121339,88220.281662,3.01900874025096,89124.771944049,2.93341570717148,85949.610822954,2.99343819515333,85942.229339203,2.99370989622009,85878.755258886,3.02106256113334,85324.523322516,3.02817332846294,85979.362305663,3.01018151014775,85719.938421803,3.01404215847368,87776.607257163,2.98440284995916,87746.020046663,2.99400406164339
0.0305924142259,88244.3670041,3.01883622186605,89122.36967177,2.93282937026981,85943.843262925,2.99293912176474,85936.40044787,2.99320834025025,85879.544333775,3.02061163879057,85322.83526922,3.02777096763337,85974.650268174,3.01005997485091,85722.764393787,3.01339797523211,87808.699013545,2.98450101594002,87720.63996975,2.9931915291724
0.030746916318,88268.4523462,3.01866670565669,89119.967399492,2.93224354869755,85938.075702896,2.99244056626284,85930.571556537,2.99270730251823,85880.333408664,3.02016122268227,85321.147215924,3.02736908746432,85969.938230684,3.00993895593721,85725.590365771,3.01275370935506,87840.790769927,2.98459877185841,87695.259892837,2.99237900955425
0.03090141841,88260.3635354,3.01847885619167,89105.443017512,2.93180787229419,85926.455661002,2.99188501881042,85918.986159552,2.9921518630356,85853.702670766,3.0204878952928,85311.070326903,3.02721361868209,85960.535139625,3.00975716127515,85707.798912045,3.01268538921619,87882.338150804,2.98436334484207,87660.675405347,2.99171288933501
0.0310559205021,88238.7105792,3.01828543177073,89085.808133958,2.93143591381534,85912.368299597,2.99130588340257,85904.973905204,2.9915739272569,85815.512146669,3.02114296548183,85297.456829219,3.02716246695256,85949.15436999,3.00955013849299,85681.315457576,3.01285982215011,87927.87188266,2.98398778256921,87622.210474937,2.99110868279852
0.0312104225941,88217.057623,3.01809550015912,89066.173250405,2.93106461304623,85898.280938192,2.99072743002132,85890.961650855,2.99099667322957,85777.321622571,3.02179912463924,85283.843331536,3.02711197872294,85937.773600356,3.00934374398021,85654.832003106,3.01303416332882,87973.405614515,2.98361247773781,87583.745544528,2.99050470712716
0.0313649246862,88195.4046667,3.01790906168833,89046.538366851,2.93069397043527,85884.193576787,2.99014965905057,85876.949396507,2.99042010133801,85739.131098474,3.02245637359009,85270.229833852,3.02706215413649,85926.392830721,3.00913797767671,85628.348548636,3.01320841445444,88018.939346371,2.9832374318671,87545.280614118,2.98990096156044
0.0315194267782,88196.321894,3.01763641056254,89039.422523666,2.93005167202495,85875.872524504,2.98952005745447,85868.604539029,2.9897888526309,85733.454077465,3.0221630667452,85264.599565435,3.02668346024127,85919.455248222,3.00894028414046,85621.78601135,3.01278020148068,87938.757412237,2.98386728394801,87548.705556363,2.98998465644447
0.0316739288703,88205.4742693,3.01733166866659,89036.879203326,2.9293104603094,85869.657277638,2.9888718651167,85862.329449607,2.98913797316326,85739.729724251,3.02152041451655,85261.885172779,3.02618470574462,85914.153805207,3.00874600635849,85622.587541974,3.01212846065262,87812.587468587,2.98486665151826,87567.450983107,2.99031852619972
0.0318284309623,88214.6266446,3.01702707358092,89034.335882986,2.9285697728388,85863.442030772,2.98822419042184,85856.054360185,2.98848761181358,85746.005371037,3.02087832600363,85259.170780124,3.02568640305982,85908.852362192,3.00855222816171,85623.389072597,3.01147622911488,87686.417524936,2.98586670715274,87586.196409852,2.99065276835037
0.0319829330544,88223.77902,3.0167226253055,89031.792562646,2.9278296098925,85857.226783906,2.98757703367891,85849.779270762,2.98783776889044,85752.281017823,3.02023680114651,85256.456387468,3.02518855200258,85903.550919177,3.00835894949548,85624.190603221,3.01082350847583,87560.247581285,2.98686745148329,87604.941836596,2.99098738307246
0.0321374351464,88192.4462562,3.01638697043473,89014.383882243,2.92726787032194,85843.821266291,2.98685188026869,85836.43811699,2.98711311779058,85723.66884852,3.02056106647548,85245.350401279,3.02492414748565,85892.464691795,3.00808137565164,85606.477932111,3.01070263508191,87435.614334311,2.9877782536372,87618.25868249,2.99144330300702
0.0322919372385,88151.7948671,3.01604410143687,88993.553582801,2.9267477251098,85828.760735464,2.98610933481347,85821.470539087,2.9863718080265,85687.026411853,3.02110847342077,85232.312888638,3.02471399916287,85880.046957592,3.00778488592801,85584.503773565,3.01070361982977,87311.334794923,2.98866832590662,87630.326010343,2.99192753665599
0.0324464393305,88111.143478,3.01570122010099,88972.723283359,2.9262282396961,85813.700204638,2.98536748652629,85806.502961185,2.98563119492147,85650.383975187,3.02165689478006,85219.275375996,3.02450449578334,85867.629223389,3.00748900831255,85562.52961502,3.01070391621627,87187.055255535,2.98955846861641,87642.393338195,2.99241225973407
0.0326009414226,88078.7870008,3.015358228746,88954.1441315,2.92565756694462,85799.682015318,2.98461444762325,85792.558770952,2.9848788660506,85618.750434456,3.02204930181491,85207.599196506,3.02420412598971,85856.343401452,3.00717536012862,85543.104989179,3.01062916775954,87094.827434842,2.99017120062848,87644.162663369,2.99277408490445
0.0327554435146,88105.0504854,3.01501680033477,88951.497710823,2.92472054247445,85793.03187038,2.98377818475536,85785.850381709,2.98403959644851,85623.330823699,3.02130423770423,85205.462219159,3.02325716468484,85853.220914663,3.00673816803512,85541.971044791,3.01001683028052,87229.023046994,2.98882304213442,87573.137361686,2.99226421924312
0.0329099456067,88131.31397,3.01467904123075,88948.851290146,2.923784063729,85786.381725442,2.98294244617,85779.141992466,2.98320085181945,85627.911212942,3.02055974867756,85203.325241813,3.02231065682452,85850.098427873,3.00630149170038,85540.837100404,3.00940342320577,87363.218659146,2.98747513355394,87502.112060003,2.9917543421338
0.0330644476987,88157.5774546,3.01434495249473,88946.204869469,2.92284813104055,85779.731580504,2.98210723223639,85772.433603224,2.98236263253213,85632.491602184,3.01981583477025,85201.188264466,3.02136460213365,85846.975941084,3.00586533106875,85539.703156016,3.00878894885201,87497.414271298,2.98612747703818,87431.086758319,2.99124445233435
0.0332189497908,88158.7983938,3.01399600317894,88934.411332758,2.92201737991808,85768.734051781,2.98121775923342,85761.454074842,2.98147211412303,85621.400544006,3.01951327165737,85194.287986921,3.02050544310081,85839.7987795,3.0053494975125,85529.197226862,3.00845111219679,87640.920968362,2.98461704352172,87354.040475897,2.99079257610783
0.0333734518828,88132.6235375,3.01363097818099,88912.61112477,2.92130172906961,85752.980615264,2.98026902111443,85745.802048027,2.98052447361047,85593.165391208,3.01969363606514,85182.176801467,3.01974141061044,85828.185924998,3.00474652742917,85508.438626764,3.00841574340447,87794.613713751,2.9829297816914,87270.407420683,2.99040444585763
0.0335279539749,88106.4486812,3.01327033792092,88890.810916782,2.92058674163707,85737.227178746,2.97932100065039,85730.150021211,2.97957755002661,85564.93023841,3.01987478861618,85170.065616013,3.01897797693547,85816.573070495,3.00414416998753,85487.680026666,3.00837895247869,87948.306459139,2.98124448676661,87186.774365469,2.99001667972823
0.0336824560669,88082.0944004,3.01287666639014,88869.958546228,2.9198490142653,85721.909962076,2.97836729452931,85714.926157645,2.97862469826065,85538.203627075,3.01997365497742,85158.312957645,3.01821159839302,85805.210293166,3.00356141701514,85467.800022866,3.00834388479288,88079.00855042,2.97976018102814,87111.634764619,2.98955824655252
0.033836958159,88092.2023562,3.01177530793154,88867.102596198,2.91866748960644,85714.842927727,2.97729394914427,85707.807579337,2.97754761888607,85541.387130038,3.01845021270575,85153.10740313,3.01739369368069,85798.912000885,3.00334834817876,85464.744523919,3.0083651761493,87776.307401478,2.98198442756106,87197.976918925,2.98774684713634
0.033991460251,88102.3103119,3.01067328071585,88864.246646168,2.91748655152884,85707.775893378,2.97622114740179,85700.689001028,2.97647108433346,85544.570633001,3.01692705587357,85147.901848615,3.01657599388787,85792.613708604,3.0031351160255,85461.689024973,3.00838550294188,87473.606252536,2.98422341839092,87284.319073231,2.98593471147734
0.0341459623431,88112.4182677,3.00957058617698,88861.390696137,2.91630620043257,85700.70885903,2.97514888974667,85693.570422719,2.975395095047,85547.754135964,3.01540418544293,85142.696294099,3.01575849984601,85786.315416323,3.00292172175976,85458.633526026,3.008404867366,87170.905103594,2.98647728902873,87370.661227537,2.98412184486708
0.0343004644351,88085.5453375,3.00842786495243,88845.785467889,2.91526146745903,85687.677472295,2.97398791058962,85680.579571436,2.97423312039465,85536.219577874,3.01422733567687,85130.465688271,3.01504998605764,85773.944051153,3.00259094847012,85443.08836998,3.00884160860187,86850.060056279,2.9889610806999,87454.805073067,2.98220020783549
0.0344549665272,88039.4836344,3.00726459222344,88823.564849001,2.91428746024919,85671.551281269,2.97278132684402,85664.541694351,2.9730269598716,85517.048060133,3.01323000999242,85114.589898935,3.01439816387366,85758.421468412,3.00219944435119,85421.062536419,3.00949432256438,86519.800438709,2.99157460961777,87537.808252353,2.98022192796911
0.0346094686192,87993.4219312,3.00610130267411,88801.344230112,2.91331412923202,85655.425090243,2.97157549268757,85648.503817266,2.97182154820519,85497.876542392,3.01223278159629,85098.714109598,3.01374660263017,85742.898885671,3.00180808512663,85399.036702858,3.01014591607335,86189.54082114,2.99420718241068,87620.811431639,2.97824310251173
0.0347639707113,87982.9804704,3.0032670549357,88787.882544399,2.91210073807622,85643.40717631,2.9702898301463,85636.512545353,2.97053369771052,85486.500312961,3.00972957290678,85089.091352414,3.01134221591748,85735.683748341,2.99931022815794,85387.146289793,3.0103610318304,86206.301137572,2.99198261681233,87573.305524351,2.9751819626109
0.0349184728033,88012.1020161,2.99853690239258,88784.154125384,2.91062046236935,85635.952356142,2.96891554289148,85629.016898428,2.96915432176258,85483.805535464,3.00548698091117,85086.42119457,3.00682895365258,85737.723874412,2.99431336577171,85386.500245453,3.01009448614182,86608.471963018,2.98425556044177,87380.807322156,2.97088128496384
0.0350729748954,88041.2235618,2.99375472701028,88780.425706369,2.90914083700933,85628.497535974,2.96754184271223,85621.521251502,2.96777553513015,85481.110757966,3.00115679186908,85083.751036727,3.00210156541102,85739.764000484,2.98910306847251,85385.854201114,3.00982818539068,87010.642788464,2.97640662544054,87188.309119961,2.9665234744565
0.0352274769874,88052.2390078,2.98886891787487,88770.946190599,2.9077130341034,85618.238238278,2.96611672916446,85611.25188865,2.96634652932014,85470.423082634,2.99687322265693,85077.835229755,2.99711894075774,85738.842711922,2.98350630018383,85379.026973896,3.0097700841691,87416.720606016,2.96834145086983,86992.519749187,2.96192163682897
0.0353819790795,88024.6059483,2.98382169082027,88749.190629775,2.90639515274258,85601.992622849,2.96458134707628,85595.061870461,2.96480980001002,85442.674109586,2.99278053333409,85064.99139903,2.99181762397413,85731.600114396,2.97731450187583,85359.00565819,3.0101562077579,87831.138121744,2.95994314022554,86789.705190786,2.95686160364737
0.0355364811715,87996.9728888,2.97872462392325,88727.435068951,2.90507798635928,85585.747007419,2.9630467698266,85578.871852272,2.96327387552044,85414.925136538,2.9885895466033,85052.147568305,2.98628255288613,85724.35751687,2.97089646823857,85338.984342483,3.01054271316201,88245.555637472,2.95141493867355,86586.890632385,2.95174109342081
0.0356909832636,87982.0915581,2.96153406021106,88686.477019347,2.90364172921204,85547.975312428,2.96150230121413,85541.125406907,2.96172610848653,85371.916112265,2.97219122246452,85014.280222241,2.9688626879961,85690.29910242,2.95304126166446,85302.757281186,2.99788352410663,88306.515132041,2.9328317499943,86381.614524409,2.93450514637712
0.0358454853556,87989.8935169,2.92146207925925,88611.372794678,2.90199227338883,85471.923241502,2.95993967875773,85465.046697643,2.96015668711927,85301.743165182,2.93253937834197,84931.945975492,2.92958653709382,85608.540357942,2.91411088380672,85237.677815566,2.96204155404687,87738.804817215,2.89514583340786,86172.008308431,2.89428451578377
0.0359999874477,87997.6954756,2.87932232506863,88536.268570009,2.90034278263854,85395.871170576,2.95837709727582,85388.96798838,2.95858730183805,85231.570218099,2.89047640416553,84849.611728744,2.88879931718867,85526.781613463,2.87365669864438,85172.598349945,2.92624779997213,87171.09450239,2.8554281062982,85962.402092454,2.85187111610476
0.0361544895397,87981.7789242,2.83408741427809,88453.496146764,2.89872581695458,85314.90085908,2.95672673909753,85307.959941187,2.9569317119864,85144.556222235,2.84529402713692,84761.791527176,2.84545959408025,85440.80114868,2.83054560684253,85098.669150908,2.88977948575929,86587.950782911,2.81257698470768,85748.841211721,2.80604567578448
0.0363089916318,87933.8691978,2.78528039857833,88360.380324316,2.8971528512217,85227.29648287,2.95495798931986,85220.302860391,2.95515985467661,85034.825849269,2.79655880150515,84666.571488457,2.79909360462455,85349.126134128,2.78428231748719,85012.802816356,2.8523832048604,85983.989414566,2.76605224383012,85529.946004305,2.75623945327226
0.0364634937238,87885.9594714,2.73432435540821,88267.264501868,2.89558001267421,85139.69210666,2.95318931130861,85132.645779595,2.95338806680607,84925.095476304,2.74525263181284,84571.351449738,2.75110590395287,85257.451119575,2.73640004951903,84926.936481804,2.81503375798811,85380.028046221,2.71729651816781,85311.050796889,2.70410779408272
0.0366179958159,87883.9702783,2.53182335198623,88236.647078014,2.62199418779762,85109.674469625,2.6741752150982,85102.655729252,2.67435266267781,84898.961764252,2.47051815674862,84539.001884359,2.47724491794042,85223.768884668,2.46397984324698,84899.70382839,2.53854131653771,85180.307186573,2.4462956206131,85237.506376383,2.43331393850556
0.0367724979079,87904.0085074,2.22729246408423,88236.013115756,2.21796289538358,85107.28526787,2.26219216809032,85100.333395444,2.26234020493394,84912.91840003,2.08952762107922,84536.822502657,2.09557032628055,85217.886806883,2.08437411556152,84900.591415085,2.1473544638671,85174.464562393,2.06940431382064,85233.718777873,2.05838597741295
0.036927,87924.0467365,1.88896396550142,88235.379153499,1.81393748040936,85104.896066115,1.85019815101426,85098.011061636,1.85031750310472,84926.875035808,1.70864442854062,84534.643120955,1.71389416402743,85212.004729099,1.70475491774644,84901.479001781,1.75617565903284,85168.621938214,1.69249671211328,85229.931179363,1.683461249181
