time_s,count,median,mean,p25,p75,normal_speed_median_m_s
1.5099999951214076,0,nan,nan,nan,nan,nan
1.5200000254848507,11,12.27863308205986,20.168640688812857,8.6353051992675454,28.151376452735658,7.3030540280704948
1.5300000011460491,92,0.7748043013656587,6.6774787751680229,0.078026298532598876,9.2951913523387564,0.76967455770312188
1.5400000137899728,350,0.12136106780568132,2.49959498177286,0.024870539041011809,0.67235542146638405,0.12094419851233432
1.5500000324527383,613,0.059773604053793887,0.39670387636784127,0.018813812786754511,0.17354656479760786,0.074171368636576585
1.5599999975182131,765,0.092601324563279158,0.51719503986463178,0.026595315728996108,0.29818512582148837,0.10611296213329473
1.5700000138629662,769,0.085164842637926993,0.26131681366975862,0.028034496308227557,0.24318361572223307,0.09267468633734402
1.5799999842297094,853,0.072443458193155646,0.24158559137673033,0.022882543391476464,0.20308821020055268,0.082697907665830489
1.59000000265953,776,0.062214513592428147,0.24728028088481718,0.020453850610832117,0.16148914298163491,0.071172201697695864
1.6000000221555766,816,0.046999730681617155,0.14668020589015943,0.015526404306986024,0.11706551518874417,0.058834512962345854
1.6099999973662908,812,0.083231896017614784,0.33347432692840412,0.025503710215534933,0.25770789865843513,0.089452084706533597
1.6199999835647318,826,0.13652360538390809,0.57845245192007722,0.030189361437709002,0.49686033939484708,0.12648453958865402
1.6299999917980879,801,0.19745132942252883,0.80955206927816792,0.058197318836548773,0.51393371734597282,0.16053833477310245
1.6399999731926767,768,0.081928504351759412,0.49450839991081824,0.027579992437262307,0.26309372474839215,0.089039664108806038
1.6499999831239105,849,0.19297361693210471,0.58093766665219482,0.056650934694657429,0.54962416373181622,0.1682408188637638
1.6599999756720412,826,0.14115506153142771,0.74343835399766645,0.042552675988077986,0.44907190769757571,0.1319104997968723
1.6699999658114617,875,0.22186544557499466,0.81953457894805437,0.076658754919635752,0.55458517332634916,0.19115643283968231
1.6799999890663206,822,0.1457059677124154,0.60087786398209009,0.041070074767710033,0.44072129147656419,0.13527365181253934
1.6899999913565775,788,0.1568232877685895,0.90658011569468944,0.04390937588588039,0.53939892974090953,0.13446882155400947
1.7000000170528173,758,0.1559587253537327,0.72883806157262632,0.041585142165700077,0.4712382030984833,0.14313275556695423
1.7100000115737632,868,0.17536250405695847,0.96642683426199427,0.057035856524115247,0.49781447953632652,0.16149121812520428
1.7200000100452284,785,0.14451508191549653,0.68652538469057933,0.040212052571438922,0.44927106268178674,0.13765608467914214
1.7300000225965306,744,0.084364604832736875,0.85220749215508163,0.023296351410853268,0.27551721070021823,0.088011504617279968
1.7399999716705126,755,0.21493435397893559,0.93561716502588976,0.077735146764829247,0.56638213186967379,0.18932178329707783
1.7500000336261319,773,0.13430921791852854,0.73223627611867015,0.04193419024921459,0.39358111969999965,0.1274889059371363
1.7599999751132831,858,0.15210145363413458,0.61282010981619117,0.05158486582372436,0.4177939020821817,0.14605976440377902
1.7700000038023469,872,0.14843325391982359,0.70969816734818103,0.040298366951992549,0.47296457320944096,0.14411726646538942
1.7799999765040364,790,0.1091587238281032,0.66226621663367802,0.031712461445644838,0.3201513930796035,0.11780421020844992
1.789999969944541,844,0.16926041005099485,0.7197363604006255,0.050773183859574092,0.47290261338212247,0.16772997900463107
1.7999999694199884,852,0.15152551143102061,0.64795107877397684,0.04475779007425161,0.45678518236319177,0.15199601729349171
1.8099999947099925,868,0.13651923607604116,0.63391020848547541,0.045408270368639515,0.46025751452079544,0.14062003712053162
1.8199999938272469,836,0.15479573185382089,0.71087964116760072,0.055362060838612039,0.43585556399671144,0.15786392091398041
1.82999997029696,863,0.11520681790688675,0.57058674793798858,0.035665433122174836,0.32742483348692974,0.12242744176070385
1.8400000071902864,800,0.11242113637319193,0.41440044129220233,0.033963170903007905,0.33848936142461294,0.11508498266446165
1.8499999910801757,864,0.1646832451553473,0.66273388256036569,0.056393341751665493,0.43838556765088643,0.16525552291488799
1.8600000277826365,848,0.17807494313810174,1.1938555030303863,0.059399291742046924,0.47555996918197391,0.16394033257236151
1.8699999862961931,852,0.1758394797238543,0.65526744934907688,0.057921767605952135,0.44040224276901296,0.16384732995546653
1.8799999654623909,841,0.20650524045844612,0.66494955847107484,0.066902540717756587,0.5258075324393503,0.18890472394298577
1.8900000172808737,820,0.21790615325446838,0.86665693660197063,0.070730923186803463,0.57317770021921222,0.19601454868380053
1.899999977555995,854,0.23129423289664802,0.77408630602003403,0.073781360604902646,0.54359366737002657,0.21004114000309332
1.9099999926702389,780,0.20164413360629327,0.75434871251644975,0.062499723312579712,0.53116146840048772,0.19259156009781903
1.919999980628496,846,0.21580285376108665,0.73093866807105223,0.074437857351359341,0.60281766935189651,0.2140437140853971
1.9299999872142815,746,0.23963670626946015,0.85130051389002825,0.071356719109788899,0.60453769707382443,0.19261069260907282
1.9399999946234745,743,0.20458784204832603,0.67775822952903109,0.065658136391471611,0.50743277213703264,0.17373673520397098
1.9500000228004508,783,0.18193794988971881,0.75489753955431071,0.062858300435670852,0.55664897626378707,0.17290344603468755
1.9599999926227714,880,0.19969204419351103,1.0043505686478902,0.062670628749858737,0.57776970283891704,0.1852098788708206
1.9700000327608738,832,0.22750191679426529,0.86711977382710004,0.075553901668609452,0.62526259435973608,0.21363837041817385
1.9800000264874242,850,0.23011769003589833,0.70283377420327364,0.077548578197011428,0.58032914743061004,0.20661636154424962
1.9899999873899867,770,0.19710170958793466,0.98709719476718172,0.055029035311534219,0.54630587737317016,0.17886955937019694
1.9999999817259324,767,0.22157636057652455,0.78730013581307001,0.07231559961393666,0.58802287802234665,0.19265266487472965
2.0099999974587921,825,0.18953382655758558,0.82602012795834612,0.059006216071357385,0.54629730784208064,0.18705201445511405
2.0200000316052424,872,0.16538628135856365,0.71761314969623791,0.05220333986954788,0.51438985504092594,0.17132627198779421
2.0299999646939595,852,0.1681761049287217,0.80978142948385468,0.059611900869924739,0.50812336714156658,0.17220349164328541
2.0399999828460311,772,0.13194489171989238,0.93873321608995919,0.042784732367729138,0.45527120239425078,0.13704751818743771
2.05000002708669,761,0.13680403055483595,0.5366331134188953,0.041433225122690764,0.34927742598289635,0.14507835119109802
2.060000014315154,919,0.19832325844624285,1.1731498315007554,0.064001629276035837,0.60071114817018811,0.19291277206247115
2.0699999756942535,879,0.17365619979909189,0.74111222266724175,0.055900421118945692,0.49199518551786287,0.1697496820610592
2.0800000231170301,781,0.18127734778209906,0.89733817431132001,0.057186715618599664,0.50062544188984381,0.16579488041369483
2.0899999659549238,781,0.17401069916492964,0.80065585801754013,0.054435297149550914,0.47713263384173588,0.16483628896754177
2.1000000328958599,812,0.18381629035237707,0.81182190622750816,0.057688732304429551,0.51279972393959061,0.1915698965625709
2.1099999890066172,886,0.19153416135492968,0.89002896211803773,0.060242162758759855,0.50407845166054588,0.18907529321613131
2.1200000264682473,807,0.16368955009124928,0.68598601986307062,0.059948492056018016,0.43306644656328275,0.15994117180827988
2.1299999797903428,806,0.22857380755707729,0.76546748993765612,0.076656874846879774,0.64708329944157061,0.2052572989551211
2.1400000264965238,846,0.25434150275865697,0.70985028198716693,0.080046541577506236,0.57136912230900283,0.2273543120459228
2.1499999812208177,883,0.17472083310960632,0.57920102185140865,0.060568101464378375,0.47902688802725801,0.1671821195937917
2.1599999774369305,847,0.15768674223208615,0.82962536240290308,0.055424094270136878,0.43168562380867875,0.15832857358706504
2.1700000227943663,872,0.23691571084272944,1.3702838220878191,0.082248973887076415,0.66884249206824997,0.21677235554958432
2.1800000078122013,838,0.25105332675714431,0.91689474462756915,0.070560134271531599,0.65303236714730772,0.21231262063253653
2.1900000151907548,823,0.19928764195507601,0.97624995495381384,0.070370117791649242,0.5640185693269949,0.1919230241540556
2.1999999809721302,828,0.2769319880781082,0.87159379400984294,0.090558775860734658,0.71389521912238529,0.22426972772835074
2.2100000228093526,904,0.23224434277457448,0.82105626190869618,0.076476570258804777,0.64351606446842768,0.22445772147543519
2.2200000340063322,837,0.20571837953863967,0.63367621242908057,0.075464290658544278,0.51123224244085463,0.1951475088168165
2.2299999804780186,915,0.2361197081620576,0.70406690964793761,0.086430394124018775,0.58163169803659809,0.21629030206147237
2.2399999966434834,910,0.34328837915311372,0.98895121135249742,0.1144833758960843,0.91055783075735797,0.28076104094302334
2.2499999699816686,704,0.21395859244045182,1.029714895338659,0.060222513437461406,0.59908839577406192,0.18629430032276945
2.2599999809040359,926,0.20276095652184095,0.72857128921105552,0.068738414237172418,0.53702774255248453,0.19014878621919423
2.2700000291576248,845,0.27242510194412128,1.0740161921011417,0.088475772162783142,0.60266684232310885,0.2317703701470496
2.2800000202047879,890,0.2835672479344975,0.8502564621548544,0.10184337903052854,0.74310967308461784,0.24936130256792677
2.2899999732190857,840,0.21684833586985688,1.0528896684525335,0.080199535523922463,0.54071530633895137,0.19975683279300338
2.3000000072069025,854,0.24673046263614917,0.86256101883973491,0.08141018120416818,0.64557503184478893,0.21574700002778108
2.3100000291100744,856,0.24325401417758363,0.94875943749199254,0.075391068055891908,0.66426769000205521,0.21079710117637007
2.3200000137908336,879,0.2688659756454137,0.88332425694144268,0.084238848042957157,0.66660594966668041,0.22985678942637505
2.3299999793017312,894,0.18169499657490595,0.79935737166781273,0.066896798701951254,0.49505230326509486,0.19594688239513156
2.3400000086299042,878,0.22529914003870816,0.81577938932498595,0.075530732277401869,0.56841661471397542,0.20951229828229689
2.3499999897467374,917,0.29438005198953832,0.86063263893798181,0.096157653467900311,0.73617378692035507,0.25393001636276047
2.3600000281769162,917,0.24068054782263787,0.8946716133892747,0.081072438772168715,0.61452910524643234,0.2064880305058002
2.3699999667208242,914,0.25445031808157226,0.76232615410779669,0.08530851163178059,0.62358534219838302,0.2152300825550007
2.3799999826463303,869,0.23416850487878829,1.0038137958874973,0.07437402440976737,0.66234808176815574,0.2199982122200777
2.3900000136255266,872,0.23178100446693162,0.95043686470934485,0.081901063374790917,0.67423169104063385,0.21453450591828793
2.3999999844136446,878,0.30468528761131763,1.2078060427276649,0.099435998328717745,0.75840012496927134,0.26609387439129017
2.4099999692871736,783,0.21315362434451085,0.79801613764838619,0.074044301670210477,0.53911269923935312,0.20413673818225733
2.4200000358227265,818,0.20476168885597179,0.90936053779318304,0.069330635152299869,0.5905167187474627,0.20170150545785348
2.4300000352741398,791,0.15372746916041782,0.55983950599699028,0.052461336977057127,0.46336656818358368,0.16166803770619531
2.4400000090353351,828,0.20489251642092188,0.7239929929024348,0.061463442651445994,0.56228147394068628,0.19224771406480917
2.4499999643790789,845,0.22668904401369711,0.80659924821228801,0.067321382109695474,0.56128769331729922,0.2167697863942892
2.4600000109870366,863,0.28862584394503604,0.80520943175268755,0.091724875166844869,0.66033253415304893,0.25642517955396177
2.4700000023285829,880,0.24078889206550352,1.0419628271604813,0.083433292912321447,0.63924485536894704,0.22468394822557661
2.479999982114697,829,0.23570670668658844,0.8622536468740557,0.07732279456033947,0.67132690045220123,0.21526416637449775
2.4899999717471624,848,0.21394097503085957,0.62241929769972026,0.077666690763193755,0.57300909944270073,0.20383233300352999
2.4999999740006698,785,0.21472783168696022,0.85311322659383759,0.068842574709470167,0.55771353782561151,0.20310357031494014
2.5100000120592214,892,0.23044143214591178,0.8863806778264306,0.08404676504481573,0.59785043411235295,0.21500293601724885
2.5199999986613379,831,0.21192443253659193,0.83839934280433093,0.058775992098402563,0.59069874748539497,0.19971359640924308
2.5300000351718848,868,0.19400427933247943,0.67023101937502572,0.066512968178727108,0.56108014024453468,0.19460270649570277
2.5400000162927765,826,0.21433246512607007,0.59262002091002297,0.07147389453546163,0.53561033892891929,0.21530941243095206
2.5499999737688341,756,0.19285687994311951,0.59550076909323768,0.064608545681342194,0.51145639408399601,0.19332505958651161
2.5600000134695859,855,0.23499745017534718,0.77332252799882717,0.071379639473822226,0.66311262036244212,0.21460289913204925
2.5699999648535052,838,0.21837916775714855,1.0432947748141139,0.068299142049818309,0.53997320207152988,0.19860395530692176
2.5800000227479241,834,0.16882342226850869,0.68191926751425247,0.054543935455643414,0.4614277167462088,0.16578540315963872
2.5899999863358398,813,0.1699768718556687,0.81729124019924471,0.056771485719753219,0.51007207715126612,0.17032937042773438
2.600000022745482,814,0.19895235281810081,0.6607735971739459,0.070630999086700993,0.56066538974721303,0.18809972053690555
