temperature_component,time_s,particle_count,temperature_median_K,temperature_mean_K,temperature_p25_K,temperature_p75_K
bottomLayer,1.5200000254848507,455,3077.66273421,3066.13605241,3012.9572588,3124.46366967
topLayer,1.5200000254848507,455,3096.83140701,3092.89464996,3047.47594949,3144.25981191
enthalpyMean,1.5200000254848507,455,3148.74625224,3137.20665411,3113.55852492,3169.91700257
bottomLayer,1.5300000011460491,1566,3000.38500149,2999.27766252,2942.82427188,3056.69662339
topLayer,1.5300000011460491,1566,3105.66651515,3102.25588438,3072.07900139,3134.59326653
enthalpyMean,1.5300000011460491,1566,3124.22081422,3106.9132301,3071.55220983,3155.85751154
bottomLayer,1.5400000137899728,2157,2947.34562965,2947.86141175,2891.94856135,3006.13126841
topLayer,1.5400000137899728,2157,3092.87999133,3087.0801128,3059.41721583,3121.27932484
enthalpyMean,1.5400000137899728,2157,3081.48154723,3070.21939638,3016.5847858,3137.91956777
bottomLayer,1.5500000324527383,2308,2917.51783878,2918.591069,2855.15698004,2982.04770767
topLayer,1.5500000324527383,2308,3075.4019963,3068.46147597,3031.99508593,3111.1165594
enthalpyMean,1.5500000324527383,2308,3050.85843026,3042.64972416,2969.10680167,3127.34467136
bottomLayer,1.5599999975182131,2371,2900.25903966,2903.89119327,2830.30536449,2970.86529964
topLayer,1.5599999975182131,2371,3061.91692177,3053.12157499,3008.75615442,3098.27688953
enthalpyMean,1.5599999975182131,2371,3029.38713349,3025.93221677,2937.31139294,3120.86941811
bottomLayer,1.5700000138629662,2440,2894.5441332,2898.91691384,2819.33640512,2967.55070782
topLayer,1.5700000138629662,2440,3055.72912067,3044.49657363,3000.33331233,3089.51325924
enthalpyMean,1.5700000138629662,2440,3021.32123899,3018.79598898,2924.3741124,3117.72211231
bottomLayer,1.5799999842297094,2460,2886.66505944,2894.96480571,2815.81682863,2961.08326962
topLayer,1.5799999842297094,2460,3048.94740516,3037.32582317,2994.51846512,3077.95546125
enthalpyMean,1.5799999842297094,2460,3010.4721502,3013.16219063,2917.58971606,3112.1577835
bottomLayer,1.59000000265953,2418,2879.27135866,2890.59134008,2813.88070514,2952.82034357
topLayer,1.59000000265953,2418,3041.38540929,3030.56090684,2988.9018828,3066.78637676
enthalpyMean,1.59000000265953,2418,3001.12044121,3006.2492311,2913.44150247,3099.26793676
bottomLayer,1.6000000221555766,2376,2874.38366493,2886.05216373,2812.45462841,2942.63663166
topLayer,1.6000000221555766,2376,3035.71472052,3025.83368539,2986.03284343,3057.26890099
enthalpyMean,1.6000000221555766,2376,2993.75261572,2999.36191704,2910.1407547,3083.2889456
bottomLayer,1.6099999973662908,2308,2862.0552283,2877.22894788,2809.40796337,2929.96790238
topLayer,1.6099999973662908,2308,3000.23706046,2993.24594234,2957.45951651,3014.98708808
enthalpyMean,1.6099999973662908,2308,2973.37154976,2982.56956899,2897.87094442,3059.93701618
bottomLayer,1.6199999835647318,2236,2853.18335394,2868.25795837,2805.51401046,2919.27248631
topLayer,1.6199999835647318,2236,2980.83742845,2975.52091657,2940.78167914,2996.67495493
enthalpyMean,1.6199999835647318,2236,2958.94869673,2968.95282151,2888.97602384,3042.00885295
bottomLayer,1.6299999917980879,2182,2846.1495366,2862.02470477,2803.48398233,2908.98413265
topLayer,1.6299999917980879,2182,2981.04951008,2977.23570852,2941.88155342,2996.37470842
enthalpyMean,1.6299999917980879,2182,2950.96642374,2962.39632058,2887.15438715,3032.87365119
bottomLayer,1.6399999731926767,2171,2844.84139127,2859.7898248,2802.93536304,2906.28335642
topLayer,1.6399999731926767,2171,2983.65555019,2981.62415188,2945.7367048,2996.92145884
enthalpyMean,1.6399999731926767,2171,2949.26151134,2960.25466613,2886.00084676,3026.9570378
bottomLayer,1.6499999831239105,2121,2839.31229168,2856.0863229,2801.90998561,2898.93162276
topLayer,1.6499999831239105,2121,2985.20721141,2984.82804651,2948.53433118,2997.79965503
enthalpyMean,1.6499999831239105,2121,2943.21480392,2956.40771558,2885.32118969,3015.75474273
bottomLayer,1.6599999756720412,2030,2831.30221457,2852.7926296,2800.76903522,2893.62718497
topLayer,1.6599999756720412,2030,2983.9467771,2985.45156213,2950.0172985,2998.62925778
enthalpyMean,1.6599999756720412,2030,2934.75199389,2951.39232368,2882.37658648,3009.72620035
bottomLayer,1.6699999658114617,1974,2825.30733717,2852.00702757,2800.0114028,2895.90212076
topLayer,1.6699999658114617,1974,2982.07024303,2986.47861985,2949.25896934,2998.81857273
enthalpyMean,1.6699999658114617,1974,2926.10317025,2950.1322664,2880.52580621,3010.30622075
bottomLayer,1.6799999890663206,1913,2819.51875313,2850.80093322,2798.91827657,2895.64986605
topLayer,1.6799999890663206,1913,2981.20176913,2987.35408357,2948.4162495,2999.07039082
enthalpyMean,1.6799999890663206,1913,2919.21234441,2948.31709947,2878.58553365,3010.60024149
bottomLayer,1.6899999913565775,1918,2818.53564499,2854.38516531,2798.34172528,2899.63859237
topLayer,1.6899999913565775,1918,2982.58666565,2992.01401777,2948.20124174,3016.51583442
enthalpyMean,1.6899999913565775,1918,2916.16166788,2951.6728645,2878.25296425,3015.8016664
bottomLayer,1.7000000170528173,1931,2817.50220141,2855.6918417,2797.76187744,2902.46251299
topLayer,1.7000000170528173,1931,2984.94303251,2995.8793065,2948.42330161,3025.16889938
enthalpyMean,1.7000000170528173,1931,2915.39855946,2954.38348128,2877.62559277,3021.06985955
bottomLayer,1.7100000115737632,1918,2814.51290522,2846.63956879,2795.75530521,2890.95932229
topLayer,1.7100000115737632,1918,2954.77881539,2968.81444898,2933.18843547,2992.60390158
enthalpyMean,1.7100000115737632,1918,2905.35890887,2941.87750733,2872.26140981,3000.58454943
bottomLayer,1.7200000100452284,1931,2808.96548587,2836.89606931,2789.93253262,2877.58387714
topLayer,1.7200000100452284,1931,2937.20739266,2951.78492706,2919.308834,2970.15302285
enthalpyMean,1.7200000100452284,1931,2896.00251335,2931.49090165,2866.89303806,2984.61739568
bottomLayer,1.7300000225965306,1925,2807.14817052,2833.62308319,2786.5363424,2873.76609978
topLayer,1.7300000225965306,1925,2942.73816089,2961.50616716,2924.76052217,2981.62691185
enthalpyMean,1.7300000225965306,1925,2895.55924121,2930.54198962,2865.51890387,2983.19666358
bottomLayer,1.7399999716705126,1897,2805.53078654,2834.49856352,2784.04787204,2874.854389
topLayer,1.7399999716705126,1897,2948.54548332,2970.81807443,2931.31147749,2988.9757063
enthalpyMean,1.7399999716705126,1897,2895.16488987,2932.0502338,2865.40095491,2983.38808536
bottomLayer,1.7500000336261319,1937,2806.46859274,2839.42048082,2784.32627623,2882.8327022
topLayer,1.7500000336261319,1937,2960.41914089,2981.57447574,2938.01314668,2999.95051541
enthalpyMean,1.7500000336261319,1937,2897.06438045,2938.50518014,2866.48745475,2998.48122954
bottomLayer,1.7599999751132831,1936,2806.64259974,2840.88343723,2784.3123725,2889.20598138
topLayer,1.7599999751132831,1936,2967.17659544,2985.88518481,2941.72007164,3014.63601359
enthalpyMean,1.7599999751132831,1936,2897.82152982,2940.31781092,2867.35159461,3002.6302785
bottomLayer,1.7700000038023469,1921,2805.13309351,2840.61108657,2783.8774063,2888.06833363
topLayer,1.7700000038023469,1921,2971.54576529,2988.59458982,2944.21498504,3024.89592452
enthalpyMean,1.7700000038023469,1921,2897.45018002,2941.46753982,2867.68497563,3004.35188982
bottomLayer,1.7799999765040364,1905,2804.74789732,2840.53005025,2782.61567846,2891.95020322
topLayer,1.7799999765040364,1905,2973.26106696,2988.90392499,2944.63486491,3025.85190385
enthalpyMean,1.7799999765040364,1905,2897.3103075,2940.91888309,2867.54567701,3009.20137546
bottomLayer,1.789999969944541,1882,2803.75693278,2839.5420886,2782.51086213,2888.90738902
topLayer,1.789999969944541,1882,2974.19000022,2988.91891204,2945.86422341,3027.2345865
enthalpyMean,1.789999969944541,1882,2895.51589882,2939.07825958,2867.54929089,3005.41572354
bottomLayer,1.7999999694199884,1841,2803.08865797,2837.86451272,2781.59054227,2883.28495467
topLayer,1.7999999694199884,1841,2971.22774611,2987.25028122,2944.93009083,3022.60595417
enthalpyMean,1.7999999694199884,1841,2893.26007339,2937.06540529,2867.15636158,3000.1477713
bottomLayer,1.8099999947099925,1819,2802.0563754,2831.34122525,2779.06677468,2873.4394113
topLayer,1.8099999947099925,1819,2945.25647747,2960.89200969,2927.17834571,2984.41434275
enthalpyMean,1.8099999947099925,1819,2886.77737537,2926.24743852,2863.5766532,2983.13930245
bottomLayer,1.8199999938272469,1786,2800.51004992,2825.73759407,2774.19898404,2860.44060447
topLayer,1.8199999938272469,1786,2929.53666136,2945.01122706,2913.16077955,2964.17449679
enthalpyMean,1.8199999938272469,1786,2879.31372968,2917.18980008,2859.03129817,2965.83816185
bottomLayer,1.82999997029696,1797,2800.12893034,2828.84531165,2771.31267755,2871.24155875
topLayer,1.82999997029696,1797,2936.17327895,2959.15556379,2921.80108915,2977.31795477
enthalpyMean,1.82999997029696,1797,2880.04454285,2921.50318192,2858.68463366,2975.80538865
bottomLayer,1.8400000071902864,1810,2800.3707286,2831.79587777,2770.95437695,2880.55536639
topLayer,1.8400000071902864,1810,2948.73588904,2972.17040647,2931.6977517,2992.18745455
enthalpyMean,1.8400000071902864,1810,2882.06777205,2926.94065558,2860.33833332,2986.89852079
bottomLayer,1.8499999910801757,1791,2800.61384159,2834.6871078,2770.55772556,2892.00389099
topLayer,1.8499999910801757,1791,2961.3173236,2982.26418191,2941.50503516,3004.5507666
enthalpyMean,1.8499999910801757,1791,2883.0465127,2931.86071744,2861.76641363,2999.16066391
bottomLayer,1.8600000277826365,1756,2800.85103187,2838.75950285,2773.04678554,2903.89407098
topLayer,1.8600000277826365,1756,2975.61262645,2992.24794707,2951.59230362,3027.1098126
enthalpyMean,1.8600000277826365,1756,2885.7813016,2936.80298132,2863.68934949,3011.35469567
bottomLayer,1.8699999862961931,1691,2800.76714362,2837.79627068,2771.4650818,2902.60335191
topLayer,1.8699999862961931,1691,2976.74984631,2994.24737358,2955.12317579,3031.42775975
enthalpyMean,1.8699999862961931,1691,2888.3018257,2937.67139856,2863.8539579,3012.14107842
bottomLayer,1.8799999654623909,1631,2800.62436878,2835.86363085,2771.31942549,2897.75290485
topLayer,1.8799999654623909,1631,2980.85988228,2994.47001983,2955.1154687,3031.46590915
enthalpyMean,1.8799999654623909,1631,2890.21372689,2937.11768693,2864.27401906,3011.85525618
bottomLayer,1.8900000172808737,1619,2801.63299522,2841.62784904,2772.88887253,2906.41434033
topLayer,1.8900000172808737,1619,2985.38518722,2999.38171781,2958.77308667,3034.49533812
enthalpyMean,1.8900000172808737,1619,2895.79466846,2941.89093654,2865.1959399,3021.14781205
bottomLayer,1.899999977555995,1576,2804.33046102,2845.16156178,2772.8395812,2908.41705476
topLayer,1.899999977555995,1576,2992.70901651,3003.67238585,2962.33312951,3037.41563421
enthalpyMean,1.899999977555995,1576,2900.56848066,2946.18788857,2865.58370997,3029.83413597
bottomLayer,1.9099999926702389,1554,2809.24079099,2840.29657404,2772.09049446,2905.76286426
topLayer,1.9099999926702389,1554,2961.83281221,2972.59496271,2935.57993345,3002.00478924
enthalpyMean,1.9099999926702389,1554,2899.38438651,2937.05867593,2860.13773345,3015.30695874
bottomLayer,1.919999980628496,1545,2805.56861491,2836.95800458,2766.08159869,2895.87380066
topLayer,1.919999980628496,1545,2952.02253512,2959.14097753,2915.56890597,2984.99580285
enthalpyMean,1.919999980628496,1545,2895.80583234,2931.67061385,2855.16724934,3003.46103011
bottomLayer,1.9299999872142815,1567,2807.69814152,2838.53611039,2763.53021599,2904.06642634
topLayer,1.9299999872142815,1567,2969.84056877,2975.76385447,2934.51133608,2999.53535804
enthalpyMean,1.9299999872142815,1567,2901.6941075,2937.46150815,2856.29586885,3014.85802525
bottomLayer,1.9399999946234745,1614,2816.732161,2843.63907559,2762.26147209,2911.89623501
topLayer,1.9399999946234745,1614,2982.39606025,2992.31624999,2953.53089908,3020.38629932
enthalpyMean,1.9399999946234745,1614,2914.06924605,2945.20463059,2857.50152016,3029.49225304
bottomLayer,1.9500000228004508,1652,2828.87926147,2848.95509,2765.12624466,2926.69006374
topLayer,1.9500000228004508,1652,2991.66015203,3001.79561308,2962.93115909,3037.45222377
enthalpyMean,1.9500000228004508,1652,2929.13634207,2952.5509169,2861.02235472,3042.80776951
bottomLayer,1.9599999926227714,1628,2826.64246149,2845.31046057,2766.32150421,2917.28645085
topLayer,1.9599999926227714,1628,2996.40796909,3006.83996324,2971.91222248,3042.26683852
enthalpyMean,1.9599999926227714,1628,2928.73536487,2951.47605694,2863.91326279,3033.99475565
bottomLayer,1.9700000327608738,1614,2826.82872816,2848.59774271,2767.84600922,2919.3058802
topLayer,1.9700000327608738,1614,2996.54478006,3006.95197284,2970.45785263,3040.68943828
enthalpyMean,1.9700000327608738,1614,2925.88986846,2952.59417231,2865.25787081,3035.14931911
bottomLayer,1.9800000264874242,1604,2830.05088884,2852.5276788,2771.33645991,2926.23795796
topLayer,1.9800000264874242,1604,2999.87482397,3009.52005018,2970.82398994,3044.74178084
enthalpyMean,1.9800000264874242,1604,2929.55044227,2957.14382842,2868.11568171,3049.31845327
bottomLayer,1.9899999873899867,1617,2835.88756578,2856.8083929,2773.82350619,2932.99140822
topLayer,1.9899999873899867,1617,3003.70119355,3011.92025391,2973.42859424,3045.21778341
enthalpyMean,1.9899999873899867,1617,2939.10594627,2961.59765144,2869.73268639,3051.77659998
bottomLayer,1.9999999817259324,1653,2844.78058469,2861.67208169,2775.93825807,2938.55774507
topLayer,1.9999999817259324,1653,3009.9705928,3017.0942644,2977.38810735,3049.69997409
enthalpyMean,1.9999999817259324,1653,2947.01991264,2967.00322219,2873.37551874,3060.43570228
bottomLayer,2.0099999974587921,1700,2837.98309325,2851.86981271,2776.43525291,2919.70701519
topLayer,2.0099999974587921,1700,2973.88429166,2983.41720791,2950.64474815,3011.42471871
enthalpyMean,2.0099999974587921,1700,2935.08435252,2952.44622273,2869.18791406,3028.1978897
bottomLayer,2.0200000316052424,1685,2818.86039016,2841.19786635,2771.23071471,2902.03653468
topLayer,2.0200000316052424,1685,2954.63746296,2961.76295,2927.68335683,2983.96726292
enthalpyMean,2.0200000316052424,1685,2910.39982978,2938.18483343,2858.22657276,3006.81207455
bottomLayer,2.0299999646939595,1654,2811.85660798,2839.71406067,2766.37878511,2901.41939217
topLayer,2.0299999646939595,1654,2969.55024346,2974.75026709,2938.38444203,2994.18150249
enthalpyMean,2.0299999646939595,1654,2908.26744676,2937.1276533,2856.27713829,3006.18540884
bottomLayer,2.0399999828460311,1656,2813.63740998,2841.82975586,2765.8148618,2907.60967569
topLayer,2.0399999828460311,1656,2977.50284267,2986.73349215,2949.68692489,3004.73833912
enthalpyMean,2.0399999828460311,1656,2911.108525,2941.21366973,2857.5962391,3013.96898875
bottomLayer,2.05000002708669,1692,2819.29875124,2848.27845931,2767.90740323,2917.3905762
topLayer,2.05000002708669,1692,2987.53657914,2997.17045869,2955.11423879,3020.91313644
enthalpyMean,2.05000002708669,1692,2917.23000016,2948.41768288,2860.46590525,3029.86524641
bottomLayer,2.060000014315154,1699,2825.5702221,2851.89123113,2770.37273015,2923.7287768
topLayer,2.060000014315154,1699,2997.3061631,3004.97293596,2964.08112666,3038.51846738
enthalpyMean,2.060000014315154,1699,2923.10722551,2952.86162623,2862.90096285,3033.61368986
bottomLayer,2.0699999756942535,1655,2823.77882945,2850.80875526,2770.90928065,2922.6131621
topLayer,2.0699999756942535,1655,2996.87230562,3005.18965611,2965.47698853,3039.37301752
enthalpyMean,2.0699999756942535,1655,2920.22252213,2952.47994641,2864.02825826,3034.01612309
bottomLayer,2.0800000231170301,1636,2826.26252819,2853.90164149,2772.56654413,2928.3115783
topLayer,2.0800000231170301,1636,3001.35275203,3008.75009557,2967.43931049,3044.14906298
enthalpyMean,2.0800000231170301,1636,2926.91205605,2956.28795619,2866.13427095,3041.57620007
bottomLayer,2.0899999659549238,1695,2833.47716505,2858.62433393,2775.11162291,2931.09951313
topLayer,2.0899999659549238,1695,3007.66585398,3013.22007137,2968.43728723,3050.07150786
enthalpyMean,2.0899999659549238,1695,2934.07316194,2961.72790187,2869.72217367,3051.12128054
bottomLayer,2.1000000328958599,1707,2843.55128981,2861.26980763,2776.98951145,2933.15365635
topLayer,2.1000000328958599,1707,3011.08246449,3013.55573684,2969.13811322,3049.76298762
enthalpyMean,2.1000000328958599,1707,2938.23787625,2963.20959565,2871.51734268,3049.95824765
bottomLayer,2.1099999890066172,1656,2833.69562448,2852.27886941,2777.17991308,2915.07780423
topLayer,2.1099999890066172,1656,2975.18644943,2983.22927259,2946.98571715,3010.41129857
enthalpyMean,2.1099999890066172,1656,2926.59883977,2949.50326357,2866.81796676,3021.86411498
bottomLayer,2.1200000264682473,1611,2819.18694191,2842.61838667,2772.58127402,2898.34308941
topLayer,2.1200000264682473,1611,2956.0116147,2961.96167161,2925.1800728,2985.02907096
enthalpyMean,2.1200000264682473,1611,2909.73970679,2936.51857098,2858.91891989,3002.11012959
bottomLayer,2.1299999797903428,1642,2815.80540004,2846.2442843,2770.35240365,2908.9769108
topLayer,2.1299999797903428,1642,2972.35326266,2980.01551367,2939.18107332,2997.45099988
enthalpyMean,2.1299999797903428,1642,2911.04123378,2941.73547247,2858.98118807,3011.52528948
bottomLayer,2.1400000264965238,1633,2817.8826953,2847.35193382,2770.76757275,2912.59580043
topLayer,2.1400000264965238,1633,2982.2900224,2992.33606248,2951.40100644,3011.02415244
enthalpyMean,2.1400000264965238,1633,2914.49266082,2946.00780781,2861.32842405,3018.81705533
bottomLayer,2.1499999812208177,1625,2821.16626682,2851.31005397,2771.56481943,2921.13881906
topLayer,2.1499999812208177,1625,2991.2154308,3000.76160013,2959.5770185,3022.39830581
enthalpyMean,2.1499999812208177,1625,2917.6888345,2950.87776625,2863.96287516,3030.37446442
bottomLayer,2.1599999774369305,1573,2821.29878901,2851.21901322,2772.46672642,2919.31342874
topLayer,2.1599999774369305,1573,2997.00436384,3007.23711788,2966.43164124,3035.77284019
enthalpyMean,2.1599999774369305,1573,2919.51494039,2951.24685345,2865.55175869,3028.19674352
bottomLayer,2.1700000227943663,1577,2824.22832773,2855.9037989,2774.87644987,2929.56848983
topLayer,2.1700000227943663,1577,2999.29025958,3010.14349753,2969.01532595,3046.56817874
enthalpyMean,2.1700000227943663,1577,2921.77778841,2955.77777114,2867.2332393,3042.16493774
bottomLayer,2.1800000078122013,1582,2829.38000629,2861.41895107,2776.90895681,2937.59813248
topLayer,2.1800000078122013,1582,3004.69099556,3013.98129713,2970.59850479,3051.46931778
enthalpyMean,2.1800000078122013,1582,2925.70266027,2960.98212701,2869.07851548,3054.9678865
bottomLayer,2.1900000151907548,1589,2836.46647861,2866.04331323,2778.51105807,2943.10589483
topLayer,2.1900000151907548,1589,3013.43094222,3019.6882082,2972.48177911,3061.51536702
enthalpyMean,2.1900000151907548,1589,2933.95963959,2966.55764307,2871.02211312,3061.05195511
bottomLayer,2.1999999809721302,1626,2850.75406735,2869.14474239,2780.46632378,2943.88916567
topLayer,2.1999999809721302,1626,3020.01765751,3024.21423273,2975.90685068,3064.68860919
enthalpyMean,2.1999999809721302,1626,2944.53301151,2971.82752396,2873.7007294,3064.77811093
bottomLayer,2.2100000228093526,1622,2845.06473078,2861.5688693,2781.59440919,2932.63295116
topLayer,2.2100000228093526,1622,2983.03998561,2990.15925031,2948.93367477,3025.00596624
enthalpyMean,2.2100000228093526,1622,2935.8405995,2958.830805,2869.48424206,3044.54158999
bottomLayer,2.2200000340063322,1614,2830.23566358,2852.71086408,2777.52648482,2918.48366143
topLayer,2.2200000340063322,1614,2966.51082594,2971.13624155,2929.65544378,2999.50807943
enthalpyMean,2.2200000340063322,1614,2921.41367171,2947.62967432,2863.31175018,3025.35033381
bottomLayer,2.2299999804780186,1612,2826.74455564,2850.48361816,2774.43029279,2918.91598198
topLayer,2.2299999804780186,1612,2982.05614827,2984.0133936,2943.49273424,3009.09588562
enthalpyMean,2.2299999804780186,1612,2920.35248499,2947.05649839,2861.78653871,3028.47674142
bottomLayer,2.2399999966434834,1570,2822.15902379,2847.03569251,2773.69966289,2914.94733525
topLayer,2.2399999966434834,1570,2987.24586527,2991.13065686,2951.9056916,3013.92935308
enthalpyMean,2.2399999966434834,1570,2920.33492693,2946.16665043,2863.11986918,3025.49419093
bottomLayer,2.2499999699816686,1620,2829.09807152,2857.66938744,2775.24509011,2928.98302319
topLayer,2.2499999699816686,1620,2996.10927753,3005.46604807,2963.08330917,3035.52055124
enthalpyMean,2.2499999699816686,1620,2926.64018652,2956.83498219,2868.23469216,3041.33908238
bottomLayer,2.2599999809040359,1680,2832.13581155,2857.28151234,2775.65487003,2931.67831071
topLayer,2.2599999809040359,1680,3008.21919751,3014.28235415,2971.67075936,3053.99617722
enthalpyMean,2.2599999809040359,1680,2934.85501544,2961.08045772,2871.35399121,3048.83520514
bottomLayer,2.2700000291576248,1660,2833.90783662,2856.37692288,2776.67996319,2928.98597629
topLayer,2.2700000291576248,1660,3007.34822704,3013.56319377,2973.42244721,3051.89149265
enthalpyMean,2.2700000291576248,1660,2936.07468907,2960.88147893,2872.18848186,3045.4940854
bottomLayer,2.2800000202047879,1637,2831.16199269,2855.22480178,2777.49768624,2923.67627025
topLayer,2.2800000202047879,1637,3009.61383205,3013.94395561,2972.06672224,3052.34025947
enthalpyMean,2.2800000202047879,1637,2934.35762287,2960.09966138,2873.04110799,3042.96213303
bottomLayer,2.2899999732190857,1663,2831.16199269,2857.5990651,2780.00129273,2928.49123249
topLayer,2.2899999732190857,1663,3011.43495609,3015.43318034,2971.87214266,3053.36396281
enthalpyMean,2.2899999732190857,1663,2935.72872161,2962.17301343,2874.18213583,3046.01820386
bottomLayer,2.3000000072069025,1653,2834.7524038,2858.09676003,2781.21503768,2923.45213172
topLayer,2.3000000072069025,1653,3013.10958497,3016.76352425,2973.41318568,3051.91735178
enthalpyMean,2.3000000072069025,1653,2938.00133605,2963.29250741,2875.79089664,3041.98454395
bottomLayer,2.3100000291100744,1616,2829.74906682,2849.0000956,2779.22713653,2913.08520319
topLayer,2.3100000291100744,1616,2976.09567769,2983.61800594,2948.14621864,3010.87861768
enthalpyMean,2.3100000291100744,1616,2925.61438683,2948.94959008,2868.04389776,3020.73233875
bottomLayer,2.3200000137908336,1601,2819.02087104,2843.2865495,2774.26654178,2903.09794557
topLayer,2.3200000137908336,1601,2960.24993052,2965.84921016,2926.78293059,2989.82683961
enthalpyMean,2.3200000137908336,1601,2909.38190401,2938.92429623,2861.65305585,3006.31899884
bottomLayer,2.3299999793017312,1605,2814.21115381,2840.33289349,2769.14407323,2902.18493001
topLayer,2.3299999793017312,1605,2974.33769042,2979.20326994,2939.7781489,2999.66380489
enthalpyMean,2.3299999793017312,1605,2909.89300316,2939.55231519,2860.17971001,3011.83003202
bottomLayer,2.3400000086299042,1576,2816.06044202,2842.45063814,2770.76395187,2906.65808762
topLayer,2.3400000086299042,1576,2985.61412932,2993.90600527,2954.82013848,3013.85171726
enthalpyMean,2.3400000086299042,1576,2914.23746359,2943.36357489,2863.65222214,3015.14612252
bottomLayer,2.3499999897467374,1548,2821.33282381,2845.91230555,2774.42741274,2910.31916118
topLayer,2.3499999897467374,1548,2993.75425424,3001.97131104,2963.59295932,3025.83814888
enthalpyMean,2.3499999897467374,1548,2920.04136114,2947.50021469,2866.07316165,3023.34647161
bottomLayer,2.3600000281769162,1510,2823.64730029,2849.56825235,2775.20304222,2916.08076237
topLayer,2.3600000281769162,1510,3001.55327898,3008.20960332,2968.99040779,3044.06910018
enthalpyMean,2.3600000281769162,1510,2923.01156366,2950.76071307,2868.16635781,3029.45623041
bottomLayer,2.3699999667208242,1490,2826.20252103,2852.0478986,2778.25582458,2917.37843251
topLayer,2.3699999667208242,1490,3006.68315454,3015.12572993,2975.53771805,3052.04656483
enthalpyMean,2.3699999667208242,1490,2924.94199424,2954.70087001,2870.13454752,3036.44366675
bottomLayer,2.3799999826463303,1478,2827.35349496,2856.40329079,2779.19800979,2924.50242352
topLayer,2.3799999826463303,1478,3012.49094185,3019.23439989,2978.26566204,3055.50295275
enthalpyMean,2.3799999826463303,1478,2927.15209406,2959.25467346,2872.56330402,3045.20624348
bottomLayer,2.3900000136255266,1483,2835.33198726,2861.56168851,2782.00981397,2931.62417197
topLayer,2.3900000136255266,1483,3017.98672161,3022.53840329,2978.5387269,3057.12750907
enthalpyMean,2.3900000136255266,1483,2934.24738215,2964.58907515,2875.2247567,3051.67250855
bottomLayer,2.3999999844136446,1500,2837.96484763,2862.49159384,2783.9767076,2930.13007837
topLayer,2.3999999844136446,1500,3022.02116307,3026.60012212,2984.80373166,3059.29211262
enthalpyMean,2.3999999844136446,1500,2938.30463873,2966.28916915,2878.86439754,3051.05090349
bottomLayer,2.4099999692871736,1528,2835.34316464,2855.35496112,2785.52634178,2917.84243469
topLayer,2.4099999692871736,1528,2989.29672641,2994.98641815,2958.7305368,3023.29185906
enthalpyMean,2.4099999692871736,1528,2931.26636127,2955.47442373,2875.06223862,3028.97205565
bottomLayer,2.4200000358227265,1579,2825.38214204,2846.76579848,2781.86665646,2900.15348405
topLayer,2.4200000358227265,1579,2951.39575868,2962.75424176,2928.13061064,2986.08135175
enthalpyMean,2.4200000358227265,1579,2914.41191689,2942.07773495,2866.60244406,3007.54234183
bottomLayer,2.4300000352741398,1567,2819.46186196,2844.76136358,2776.15318425,2899.43527692
topLayer,2.4300000352741398,1567,2965.8220952,2972.19256798,2934.25673293,2990.29189242
enthalpyMean,2.4300000352741398,1567,2913.88051352,2942.24561223,2864.30473907,3008.59562481
bottomLayer,2.4400000090353351,1576,2821.29615825,2847.96179188,2776.97881476,2910.61623036
topLayer,2.4400000090353351,1576,2974.44685914,2987.40905198,2952.85281322,3000.60560181
enthalpyMean,2.4400000090353351,1576,2917.95205508,2946.76089517,2866.35833761,3016.18933711
bottomLayer,2.4499999643790789,1601,2823.53418495,2851.28770062,2777.66323686,2917.38458645
topLayer,2.4499999643790789,1601,2984.20522527,2998.64068157,2962.57324397,3014.76548642
enthalpyMean,2.4499999643790789,1601,2921.68228812,2951.59741124,2869.46264173,3026.16728461
bottomLayer,2.4600000109870366,1602,2825.37638783,2853.52774027,2778.08089587,2917.97962432
topLayer,2.4600000109870366,1602,2991.54430204,3004.99546643,2969.13278531,3026.8573979
enthalpyMean,2.4600000109870366,1602,2923.32020783,2954.0938972,2870.26513331,3030.0406066
bottomLayer,2.4700000023285829,1577,2826.66547847,2855.59668408,2780.85401089,2925.69740982
topLayer,2.4700000023285829,1577,2995.24661747,3008.97041455,2972.81683831,3044.07883995
enthalpyMean,2.4700000023285829,1577,2922.52242193,2955.49030813,2872.69815398,3035.78986678
bottomLayer,2.479999982114697,1570,2827.41645997,2858.91074848,2781.85694806,2929.35627174
topLayer,2.479999982114697,1570,2998.51039286,3011.29896009,2974.38358737,3047.03712569
enthalpyMean,2.479999982114697,1570,2924.15227414,2958.25591995,2873.61811295,3038.20529236
bottomLayer,2.4899999717471624,1550,2830.62608833,2860.82274295,2784.2841537,2933.34100224
topLayer,2.4899999717471624,1550,3000.50607382,3013.49848969,2977.2404262,3048.20669123
enthalpyMean,2.4899999717471624,1550,2926.18586418,2960.38900649,2874.66830077,3046.06231671
bottomLayer,2.4999999740006698,1521,2832.32912648,2863.28019574,2788.06121792,2937.84287645
topLayer,2.4999999740006698,1521,3000.71594257,3014.14836667,2978.20173908,3046.35866524
enthalpyMean,2.4999999740006698,1521,2926.40588871,2961.84896906,2877.79261888,3047.48053439
bottomLayer,2.5100000120592214,1521,2827.04557385,2857.43513762,2785.42375281,2930.69428566
topLayer,2.5100000120592214,1521,2966.98183297,2980.85586223,2946.48918291,3012.2938983
enthalpyMean,2.5100000120592214,1521,2914.82974893,2950.15122301,2870.81942073,3030.74843345
bottomLayer,2.5199999986613379,1522,2818.12901162,2846.4989201,2779.75544661,2911.56478928
topLayer,2.5199999986613379,1522,2941.11711424,2952.821372,2919.7831564,2977.60987402
enthalpyMean,2.5199999986613379,1522,2902.91393182,2935.93851155,2861.33220265,3006.59985589
bottomLayer,2.5300000351718848,1545,2811.63492833,2841.61046364,2770.09902125,2906.45143596
topLayer,2.5300000351718848,1545,2953.02910006,2962.88916666,2928.85218045,2981.59151074
enthalpyMean,2.5300000351718848,1545,2896.5442851,2934.26949187,2859.49132326,3004.10845308
bottomLayer,2.5400000162927765,1551,2811.34187551,2841.66186341,2768.26663075,2912.0051299
topLayer,2.5400000162927765,1551,2963.12905248,2976.96557789,2943.07046652,2993.25777315
enthalpyMean,2.5400000162927765,1551,2898.39677183,2937.97225111,2860.7759208,3013.89741241
bottomLayer,2.5499999737688341,1562,2811.81500201,2844.67903121,2768.56693141,2920.15499661
topLayer,2.5499999737688341,1562,2971.91541905,2987.10235989,2951.40535217,3005.86351381
enthalpyMean,2.5499999737688341,1562,2899.59993215,2941.81723183,2862.28875964,3027.18030487
bottomLayer,2.5600000134695859,1549,2812.09966514,2844.91723944,2768.29642224,2919.70824641
topLayer,2.5600000134695859,1549,2980.61567596,2996.00754026,2960.35880237,3015.93457564
enthalpyMean,2.5600000134695859,1549,2900.85362435,2943.79070641,2865.20678206,3026.62414107
bottomLayer,2.5699999648535052,1545,2812.95413812,2847.83313399,2769.41564769,2924.48814874
topLayer,2.5699999648535052,1545,2982.66566097,2999.41025822,2962.5791464,3030.98977627
enthalpyMean,2.5699999648535052,1545,2903.03031535,2946.59044163,2865.71208987,3031.26877628
bottomLayer,2.5800000227479241,1571,2818.91991284,2852.51811509,2772.75622193,2934.12729807
topLayer,2.5800000227479241,1571,2987.53133577,3003.96667787,2965.1920483,3044.09717308
enthalpyMean,2.5800000227479241,1571,2909.1639385,2951.49235329,2867.96767836,3043.79826984
bottomLayer,2.5899999863358398,1578,2822.14718544,2855.11129805,2775.23357014,2940.93110796
topLayer,2.5899999863358398,1578,2992.3318145,3006.78777441,2967.42947404,3046.6934772
enthalpyMean,2.5899999863358398,1578,2913.40835082,2955.03447435,2870.15688681,3053.73596051
bottomLayer,2.600000022745482,1598,2826.98293686,2857.51525377,2778.18531012,2942.10839795
topLayer,2.600000022745482,1598,2996.35521067,3009.25159317,2970.43104998,3046.6752267
enthalpyMean,2.600000022745482,1598,2917.20948704,2957.66101044,2871.78852606,3054.52290706
