record_type,time_ms,experiment_beta,cold_beta,cold_wall_state,cold_contact_area_m2,cold_frozen_area_m2
experiment,0.0,0.0,,,,
experiment,1.0,4.275,,,,
experiment,2.0,4.5,,,,
experiment,3.0,3.825,,,,
experiment,4.0,3.675,,,,
experiment,5.0,3.75,,,,
experiment,10.0,3.65,,,,
coldWall,0.0,,0.0,3,0.0,0.0
coldWall,0.04899999999999996,,1.336197560716534,3,3.50567167161814e-05,0.0
coldWall,0.09899999999999994,,1.8783209314424671,3,6.927387576209687e-05,0.0
coldWall,0.14899999999999997,,2.278323862583682,3,0.00010192032685997672,0.0
coldWall,0.19899999999999995,,2.602582222569502,3,0.0001329960700098209,0.0
coldWall,0.24899999999999992,,2.876823478899017,3,0.0001625011052116296,0.0
coldWall,0.29899999999999993,,3.1142891537793584,3,0.00019043543246540325,0.0
coldWall,0.349,,3.3228730097679193,3,0.0002167990517711412,0.0
coldWall,0.39899999999999997,,3.507731125076965,3,0.0002415919631288434,0.0
coldWall,0.44899999999999995,,3.6724480600434037,3,0.00026481416653850997,0.0
coldWall,0.499,,3.8196303960845013,3,0.0002864656620001407,0.0
coldWall,0.5489999999999999,,3.9512380936564657,3,0.00030654644951373585,0.0
coldWall,0.599,,4.068782752116972,3,0.0003250565290792952,0.0
coldWall,0.6489999999999999,,4.173452790697456,3,0.00034199590069681893,0.0
coldWall,0.699,,4.266195941295881,3,0.0003573645643663068,0.0
coldWall,0.749,,4.347775514440891,3,0.00037116252008775907,0.0
coldWall,0.7989999999999999,,4.41880985555017,3,0.0003833897678611755,0.0
coldWall,0.849,,4.479800626828845,3,0.0003940463076865563,0.0
coldWall,0.8989999999999999,,4.531153415396366,3,0.0004031321395639014,0.0
coldWall,0.949,,4.573192910065509,3,0.0004106472634932107,0.0
coldWall,0.9989999999999999,,4.606174118786865,3,0.000416591679474484,0.0
coldWall,1.049,,4.630290610057182,3,0.0004209653875077217,0.0
coldWall,1.099,,4.6456804405467595,3,0.00042376838759292383,0.0
coldWall,1.1489999999999998,,4.652430212143651,3,0.0004250006797300907,0.0
coldWall,1.199,,4.652459999960301,3,0.0004250061219967233,0.0
coldWall,1.2489999999999999,,4.650948769976644,3,0.00042473006258705696,0.0
coldWall,1.299,,4.648194615161792,3,0.00042422718626982975,0.0
coldWall,1.349,,4.644198271539205,3,0.00042349803056607985,0.0
coldWall,1.3989999999999998,,4.63896080709629,3,0.00042254337486532584,0.0
coldWall,1.449,,4.632483621498994,3,0.0004213642395924829,0.0
coldWall,1.4989999999999999,,4.624768445717753,3,0.0004199618851171375,0.0
coldWall,1.549,,4.615817341564901,3,0.00041833781040634665,0.0
coldWall,1.599,,4.60563270114368,3,0.0004164937514224031,0.0
coldWall,1.6489999999999998,,4.59421724620896,3,0.0004144316792672766,0.0
coldWall,1.699,,4.581574027439886,3,0.00041215379807571647,0.0
coldWall,1.7489999999999999,,4.567706423624597,3,0.0004096625426592677,0.0
coldWall,1.799,,4.5526181407572865,3,0.00040696057590371707,0.0
coldWall,1.849,,4.536313211047804,3,0.0004040507859227531,0.0
coldWall,1.8989999999999998,,4.518795991844079,3,0.00040093628297088095,0.0
coldWall,1.949,,4.500071164467668,3,0.00039762039611889344,0.0
coldWall,1.9989999999999999,,4.480143732962699,3,0.0003941066696954484,0.0
coldWall,2.0489999999999995,,4.459019022758603,3,0.000390398859498563,0.0
coldWall,2.099,,4.436702679246924,3,0.00038650092878106504,0.0
coldWall,2.149,,4.413200666272645,3,0.0003824170440142992,0.0002656651777215302
coldWall,2.1989999999999994,,4.388519264540407,3,0.00037815157043461563,0.0002656651777215302
coldWall,2.249,,4.3626650699360345,3,0.00037370906737739745,0.0002656651777215302
coldWall,2.299,,4.335644991763859,3,0.0003690942834036197,0.0002656651777215302
coldWall,2.3489999999999993,,4.307466250900255,3,0.0003643121512241445,0.0002656651777215302
coldWall,2.399,,4.278136377863933,3,0.0003593677824271805,0.0002656651777215302
coldWall,2.449,,4.247663210803471,3,0.00035426646201454126,0.0002656651777215302
coldWall,2.4990000000000006,,4.216054893402642,3,0.00034901364275254353,0.0002656651777215302
coldWall,2.549,,4.183319872704087,3,0.0003436149393435824,0.0002656651777215302
coldWall,2.5989999999999998,,4.149466896851909,3,0.0003380761224246145,0.0002656651777215302
coldWall,2.6490000000000005,,4.114505012753823,3,0.00033240311239896437,0.0002656651777215302
coldWall,2.699,,4.07844356366344,3,0.00032660197310804536,0.0002656651777215302
coldWall,2.7489999999999997,,4.041292186683369,3,0.0003206789053497618,0.0002656651777215302
coldWall,2.7990000000000004,,4.003060810189784,3,0.00031464024025051846,0.0002656651777215302
coldWall,2.8489999999999998,,3.9637596511791586,3,0.0003084924324979228,0.0002656651777215302
coldWall,2.8989999999999996,,3.9233992125378583,3,0.0003022420534414144,0.0002656651777215302
coldWall,2.9490000000000003,,3.8819902802353434,3,0.00029589578406819455,0.0002656651777215302
coldWall,2.999,,3.839543920441707,3,0.0002894604078619642,0.0002656651777215302
coldWall,3.0489999999999995,,3.7960714765703463,3,0.0002829428035521062,0.0002656651777215302
coldWall,3.099,,3.751584566246531,3,0.0002763499377610574,0.0002656651777215302
coldWall,3.149,,3.7060950782026985,3,0.00026968885755773497,0.0002656651777215302
coldWall,3.1989999999999994,,3.678344246718337,3,0.0002656651777215302,0.0002656651777215302
coldWall,3.249,,3.678344246718337,3,0.0002656651777215302,0.0002656651777215302
coldWall,3.299,,3.678344246718337,3,0.0002656651777215302,0.0002656651777215302
coldWall,3.3489999999999998,,3.678344246718337,3,0.0002656651777215302,0.0002656651777215302
coldWall,3.399,,3.678344246718337,3,0.0002656651777215302,0.0002656651777215302
coldWall,3.449,,3.678344246718337,3,0.0002656651777215302,0.0002656651777215302
coldWall,3.4990000000000006,,3.678344246718337,3,0.0002656651777215302,0.0002656651777215302
coldWall,3.549,,3.678344246718337,3,0.0002656651777215302,0.0002656651777215302
coldWall,3.5989999999999998,,3.678344246718337,3,0.0002656651777215302,0.0002656651777215302
coldWall,3.6490000000000005,,3.678344246718337,3,0.0002656651777215302,0.0002656651777215302
coldWall,3.699,,3.678344246718337,3,0.0002656651777215302,0.0002656651777215302
coldWall,3.7489999999999997,,3.678344246718337,3,0.0002656651777215302,0.0002656651777215302
coldWall,3.7990000000000004,,3.678344246718337,3,0.0002656651777215302,0.0002656651777215302
coldWall,3.849,,3.678344246718337,3,0.0002656651777215302,0.0002656651777215302
coldWall,3.8990000000000005,,3.678344246718337,3,0.0002656651777215302,0.0002656651777215302
coldWall,3.9490000000000003,,3.678344246718337,3,0.0002656651777215302,0.0002656651777215302
coldWall,3.999,,3.678344246718337,3,0.0002656651777215302,0.0002656651777215302
coldWall,4.049,,3.678344246718337,3,0.0002656651777215302,0.0002656651777215302
coldWall,4.099,,3.678344246718337,3,0.0002656651777215302,0.0002656651777215302
coldWall,4.149,,3.678344246718337,3,0.0002656651777215302,0.0002656651777215302
coldWall,4.199000000000001,,3.678344246718337,3,0.0002656651777215302,0.0002656651777215302
coldWall,4.2490000000000006,,3.678344246718337,3,0.0002656651777215302,0.0002656651777215302
coldWall,4.2989999999999995,,3.678344246718337,3,0.0002656651777215302,0.0002656651777215302
coldWall,4.349,,3.678344246718337,3,0.0002656651777215302,0.0002656651777215302
coldWall,4.399,,3.678344246718337,3,0.0002656651777215302,0.0002656651777215302
coldWall,4.449,,3.678344246718337,3,0.0002656651777215302,0.0002656651777215302
coldWall,4.4990000000000006,,3.678344246718337,3,0.0002656651777215302,0.0002656651777215302
coldWall,4.549,,3.678344246718337,3,0.0002656651777215302,0.0002656651777215302
coldWall,4.599,,3.678344246718337,3,0.0002656651777215302,0.0002656651777215302
coldWall,4.649,,3.678344246718337,3,0.0002656651777215302,0.0002656651777215302
coldWall,4.699,,3.678344246718337,3,0.0002656651777215302,0.0002656651777215302
coldWall,4.749,,3.678344246718337,3,0.0002656651777215302,0.0002656651777215302
coldWall,4.799,,3.678344246718337,3,0.0002656651777215302,0.0002656651777215302
coldWall,4.849,,3.678344246718337,3,0.0002656651777215302,0.0002656651777215302
coldWall,4.899000000000001,,3.678344246718337,3,0.0002656651777215302,0.0002656651777215302
coldWall,4.949,,3.678344246718337,3,0.0002656651777215302,0.0002656651777215302
coldWall,4.999,,3.678344246718337,1,0.0002656651777215302,0.0002656651777215302
coldWall,5.049,,3.678344246718337,1,0.0002656651777215302,0.0002656651777215302
coldWall,5.099,,3.678344246718337,1,0.0002656651777215302,0.0002656651777215302
coldWall,5.149,,3.678344246718337,1,0.0002656651777215302,0.0002656651777215302
coldWall,5.199000000000001,,3.678344246718337,1,0.0002656651777215302,0.0002656651777215302
coldWall,5.2490000000000006,,3.678344246718337,1,0.0002656651777215302,0.0002656651777215302
coldWall,5.2989999999999995,,3.678344246718337,1,0.0002656651777215302,0.0002656651777215302
coldWall,5.349,,3.678344246718337,1,0.0002656651777215302,0.0002656651777215302
coldWall,5.399,,3.678344246718337,1,0.0002656651777215302,0.0002656651777215302
coldWall,5.449,,3.678344246718337,1,0.0002656651777215302,0.0002656651777215302
coldWall,5.4990000000000006,,3.678344246718337,1,0.0002656651777215302,0.0002656651777215302
coldWall,5.549,,3.678344246718337,1,0.0002656651777215302,0.0002656651777215302
coldWall,5.599,,3.678344246718337,1,0.0002656651777215302,0.0002656651777215302
coldWall,5.649,,3.678344246718337,1,0.0002656651777215302,0.0002656651777215302
coldWall,5.699,,3.678344246718337,1,0.0002656651777215302,0.0002656651777215302
coldWall,5.749,,3.678344246718337,1,0.0002656651777215302,0.0002656651777215302
coldWall,5.799,,3.678344246718337,1,0.0002656651777215302,0.0002656651777215302
coldWall,5.849,,3.678344246718337,1,0.0002656651777215302,0.0002656651777215302
coldWall,5.899000000000001,,3.678344246718337,1,0.0002656651777215302,0.0002656651777215302
coldWall,5.949000000000001,,3.678344246718337,1,0.0002656651777215302,0.0002656651777215302
coldWall,5.999,,3.678344246718337,1,0.0002656651777215302,0.0002656651777215302
coldWall,6.049,,3.678344246718337,1,0.0002656651777215302,0.0002656651777215302
coldWall,6.099,,3.678344246718337,1,0.0002656651777215302,0.0002656651777215302
coldWall,6.149,,3.678344246718337,1,0.0002656651777215302,0.0002656651777215302
coldWall,6.199000000000001,,3.678344246718337,1,0.0002656651777215302,0.0002656651777215302
coldWall,6.2490000000000006,,3.678344246718337,1,0.0002656651777215302,0.0002656651777215302
coldWall,6.2989999999999995,,3.678344246718337,1,0.0002656651777215302,0.0002656651777215302
coldWall,6.349,,3.678344246718337,1,0.0002656651777215302,0.0002656651777215302
coldWall,6.399,,3.678344246718337,1,0.0002656651777215302,0.0002656651777215302
coldWall,6.449,,3.678344246718337,1,0.0002656651777215302,0.0002656651777215302
coldWall,6.4990000000000006,,3.678344246718337,1,0.0002656651777215302,0.0002656651777215302
coldWall,6.549,,3.678344246718337,1,0.0002656651777215302,0.0002656651777215302
coldWall,6.599,,3.678344246718337,1,0.0002656651777215302,0.0002656651777215302
coldWall,6.649,,3.678344246718337,1,0.0002656651777215302,0.0002656651777215302
coldWall,6.699,,3.678344246718337,1,0.0002656651777215302,0.0002656651777215302
coldWall,6.749,,3.678344246718337,1,0.0002656651777215302,0.0002656651777215302
coldWall,6.799,,3.678344246718337,1,0.0002656651777215302,0.0002656651777215302
coldWall,6.849,,3.678344246718337,1,0.0002656651777215302,0.0002656651777215302
coldWall,6.899,,3.678344246718337,1,0.0002656651777215302,0.0002656651777215302
coldWall,6.949000000000001,,3.678344246718337,1,0.0002656651777215302,0.0002656651777215302
coldWall,6.999,,3.678344246718337,1,0.0002656651777215302,0.0002656651777215302
coldWall,7.049,,3.678344246718337,1,0.0002656651777215302,0.0002656651777215302
coldWall,7.099,,3.678344246718337,1,0.0002656651777215302,0.0002656651777215302
coldWall,7.149,,3.678344246718337,1,0.0002656651777215302,0.0002656651777215302
coldWall,7.199000000000001,,3.678344246718337,1,0.0002656651777215302,0.0002656651777215302
coldWall,7.2490000000000006,,3.678344246718337,1,0.0002656651777215302,0.0002656651777215302
coldWall,7.2989999999999995,,3.678344246718337,1,0.0002656651777215302,0.0002656651777215302
coldWall,7.349,,3.678344246718337,1,0.0002656651777215302,0.0002656651777215302
coldWall,7.399,,3.678344246718337,1,0.0002656651777215302,0.0002656651777215302
coldWall,7.449,,3.678344246718337,1,0.0002656651777215302,0.0002656651777215302
coldWall,7.4990000000000006,,3.678344246718337,1,0.0002656651777215302,0.0002656651777215302
coldWall,7.549,,3.678344246718337,1,0.0002656651777215302,0.0002656651777215302
coldWall,7.599,,3.678344246718337,1,0.0002656651777215302,0.0002656651777215302
coldWall,7.649,,3.678344246718337,1,0.0002656651777215302,0.0002656651777215302
coldWall,7.699,,3.678344246718337,1,0.0002656651777215302,0.0002656651777215302
coldWall,7.749,,3.678344246718337,1,0.0002656651777215302,0.0002656651777215302
coldWall,7.7989999999999995,,3.678344246718337,1,0.0002656651777215302,0.0002656651777215302
coldWall,7.849,,3.678344246718337,1,0.0002656651777215302,0.0002656651777215302
coldWall,7.899,,3.678344246718337,1,0.0002656651777215302,0.0002656651777215302
coldWall,7.949,,3.678344246718337,1,0.0002656651777215302,0.0002656651777215302
coldWall,7.998999999999999,,3.678344246718337,1,0.0002656651777215302,0.0002656651777215302
coldWall,8.049,,3.678344246718337,1,0.0002656651777215302,0.0002656651777215302
coldWall,8.098999999999998,,3.678344246718337,1,0.0002656651777215302,0.0002656651777215302
coldWall,8.149,,3.678344246718337,1,0.0002656651777215302,0.0002656651777215302
coldWall,8.199,,3.678344246718337,1,0.0002656651777215302,0.0002656651777215302
coldWall,8.248999999999999,,3.678344246718337,1,0.0002656651777215302,0.0002656651777215302
coldWall,8.299,,3.678344246718337,1,0.0002656651777215302,0.0002656651777215302
coldWall,8.348999999999998,,3.678344246718337,1,0.0002656651777215302,0.0002656651777215302
coldWall,8.399,,3.678344246718337,1,0.0002656651777215302,0.0002656651777215302
coldWall,8.449,,3.678344246718337,1,0.0002656651777215302,0.0002656651777215302
coldWall,8.498999999999999,,3.678344246718337,1,0.0002656651777215302,0.0002656651777215302
coldWall,8.549,,3.678344246718337,1,0.0002656651777215302,0.0002656651777215302
coldWall,8.598999999999998,,3.678344246718337,1,0.0002656651777215302,0.0002656651777215302
coldWall,8.649,,3.678344246718337,1,0.0002656651777215302,0.0002656651777215302
coldWall,8.699,,3.678344246718337,1,0.0002656651777215302,0.0002656651777215302
coldWall,8.749,,3.678344246718337,1,0.0002656651777215302,0.0002656651777215302
coldWall,8.799,,3.678344246718337,1,0.0002656651777215302,0.0002656651777215302
coldWall,8.848999999999998,,3.678344246718337,1,0.0002656651777215302,0.0002656651777215302
coldWall,8.899,,3.678344246718337,1,0.0002656651777215302,0.0002656651777215302
coldWall,8.948999999999998,,3.678344246718337,1,0.0002656651777215302,0.0002656651777215302
coldWall,8.999,,3.678344246718337,1,0.0002656651777215302,0.0002656651777215302
coldWall,9.049,,3.678344246718337,1,0.0002656651777215302,0.0002656651777215302
coldWall,9.099,,3.678344246718337,1,0.0002656651777215302,0.0002656651777215302
coldWall,9.149,,3.678344246718337,1,0.0002656651777215302,0.0002656651777215302
coldWall,9.198999999999998,,3.678344246718337,1,0.0002656651777215302,0.0002656651777215302
coldWall,9.248999999999999,,3.678344246718337,1,0.0002656651777215302,0.0002656651777215302
coldWall,9.299,,3.678344246718337,1,0.0002656651777215302,0.0002656651777215302
coldWall,9.349,,3.678344246718337,1,0.0002656651777215302,0.0002656651777215302
coldWall,9.399,,3.678344246718337,1,0.0002656651777215302,0.0002656651777215302
coldWall,9.449,,3.678344246718337,1,0.0002656651777215302,0.0002656651777215302
coldWall,9.498999999999999,,3.678344246718337,1,0.0002656651777215302,0.0002656651777215302
coldWall,9.548999999999998,,3.678344246718337,1,0.0002656651777215302,0.0002656651777215302
coldWall,9.599,,3.678344246718337,1,0.0002656651777215302,0.0002656651777215302
coldWall,9.649,,3.678344246718337,1,0.0002656651777215302,0.0002656651777215302
coldWall,9.699,,3.678344246718337,1,0.0002656651777215302,0.0002656651777215302
coldWall,9.748999999999999,,3.678344246718337,1,0.0002656651777215302,0.0002656651777215302
coldWall,9.799,,3.678344246718337,1,0.0002656651777215302,0.0002656651777215302
coldWall,9.849,,3.678344246718337,1,0.0002656651777215302,0.0002656651777215302
coldWall,9.899,,3.678344246718337,1,0.0002656651777215302,0.0002656651777215302
coldWall,9.949,,3.678344246718337,1,0.0002656651777215302,0.0002656651777215302
coldWall,9.998999999999999,,3.678344246718337,1,0.0002656651777215302,0.0002656651777215302
