record_type,time_ms,experiment_surface_temperature_C,cold_wall_contact_layer_temperature_C,cold_wall_contact_layer_temperature_K,cold_enthalpy_equivalent_temperature_C,cold_enthalpy_equivalent_temperature_K,cold_axial_node_mean_temperature_C,cold_axial_node_mean_temperature_K,cold_free_surface_temperature_C,cold_free_surface_temperature_K,cold_profile_active,cold_wall_state,cold_contact_area_m2,cold_frozen_area_m2,cold_solidification_contact_age_s
experiment,0.0,2100.0,,,,,,,,,,,,,
experiment,0.25,1933.9,,,,,,,,,,,,,
experiment,0.5,1859.9,,,,,,,,,,,,,
experiment,0.75,1806.3,,,,,,,,,,,,,
experiment,1.0,1827.0,,,,,,,,,,,,,
experiment,1.25,1857.6,,,,,,,,,,,,,
experiment,1.5,1897.3,,,,,,,,,,,,,
experiment,1.75,1909.0,,,,,,,,,,,,,
experiment,2.0,1934.0,,,,,,,,,,,,,
experiment,2.25,1929.1,,,,,,,,,,,,,
experiment,2.5,1938.0,,,,,,,,,,,,,
experiment,2.75,1952.6,,,,,,,,,,,,,
experiment,3.0,1941.1,,,,,,,,,,,,,
experiment,3.25,1947.5,,,,,,,,,,,,,
experiment,3.5,1959.5,,,,,,,,,,,,,
experiment,3.75,1951.5,,,,,,,,,,,,,
experiment,4.0,1953.3,,,,,,,,,,,,,
experiment,4.25,1952.6,,,,,,,,,,,,,
experiment,4.5,1960.3,,,,,,,,,,,,,
experiment,4.75,1955.2,,,,,,,,,,,,,
experiment,5.0,1962.6,,,,,,,,,,,,,
experiment,5.25,1972.4,,,,,,,,,,,,,
experiment,5.5,1967.2,,,,,,,,,,,,,
experiment,5.75,1975.4,,,,,,,,,,,,,
experiment,6.0,1972.6,,,,,,,,,,,,,
experiment,6.25,1975.6,,,,,,,,,,,,,
experiment,6.5,1978.6,,,,,,,,,,,,,
experiment,6.75,1980.1,,,,,,,,,,,,,
experiment,7.0,1985.7,,,,,,,,,,,,,
experiment,7.25,1988.2,,,,,,,,,,,,,
experiment,7.5,1984.1,,,,,,,,,,,,,
experiment,7.75,1992.7,,,,,,,,,,,,,
experiment,8.0,1988.1,,,,,,,,,,,,,
experiment,8.25,2000.9,,,,,,,,,,,,,
experiment,8.5,2003.0,,,,,,,,,,,,,
experiment,8.75,2005.1,,,,,,,,,,,,,
experiment,9.0,2009.6,,,,,,,,,,,,,
experiment,9.25,2010.7,,,,,,,,,,,,,
experiment,9.5,2013.3,,,,,,,,,,,,,
experiment,9.75,2010.9,,,,,,,,,,,,,
experiment,10.0,2014.7,,,,,,,,,,,,,
coldWall,0.0,,2099.996688544503,2373.146688544503,2099.996688544503,2373.146688544503,2099.996688544503,2373.146688544503,2099.996688544503,2373.146688544503,0,3,0.0,0.0,0.0
coldWall,0.04899999999999996,,2099.292930100089,2372.442930100089,2099.908582244095,2373.0585822440953,2099.9085912467285,2373.0585912467286,2099.9965428391056,2373.1465428391057,1,3,3.50567167161814e-05,0.0,4.900001295027323e-05
coldWall,0.09899999999999994,,2094.5885386590794,2367.7385386590795,2099.3201410465167,2372.470141046517,2099.3201275514343,2372.4701275514344,2099.9965428391056,2373.1465428391057,1,3,6.927387576209687e-05,0.0,9.900002623908222e-05
coldWall,0.14899999999999997,,2082.8201289868935,2355.9701289868935,2097.8443494823273,2370.9943494823274,2097.844036942431,2370.994036942431,2099.9965428391056,2373.1465428391057,1,3,0.00010192032685997672,0.0,0.00014899985399097204
coldWall,0.19899999999999995,,2063.809024812799,2336.9590248127993,2095.25005999785,2368.40005999785,2095.445396706248,2368.5953967062483,2099.9965428391056,2373.1465428391057,1,3,0.0001329960700098209,0.0,0.00019899950711987913
coldWall,0.24899999999999992,,2063.0227080902437,2336.1727080902438,2091.32956371104,2364.47956371104,2095.300943372551,2368.450943372551,2099.9965428391056,2373.1465428391057,1,3,0.0001625011052116296,0.0,0.0002489992184564471
coldWall,0.29899999999999993,,2061.9142201958475,2335.0642201958476,2085.7988596444534,2358.9488596444535,2095.093924228536,2368.243924228536,2099.9965428391056,2373.1465428391057,1,3,0.00019043543246540325,0.0,0.00029899959918111563
coldWall,0.349,,2060.4723175097815,2333.6223175097816,2078.597155169516,2351.747155169516,2094.8181217098127,2367.9681217098127,2099.9965428391056,2373.1465428391057,1,3,0.0002167990517711412,0.0,0.00034899997990578413
coldWall,0.39899999999999997,,2058.639304392444,2331.789304392444,2069.4339355204625,2342.5839355204625,2094.46095129376,2367.61095129376,2099.9965428391056,2373.1465428391057,1,3,0.0002415919631288434,0.0,0.00039900036063045263
coldWall,0.44899999999999995,,2056.4472489441187,2329.5972489441187,2063.713351143122,2336.863351143122,2094.0203431396194,2367.1703431396195,2099.9965428391056,2373.1465428391057,1,3,0.00026481416653850997,0.0,0.00044900074135512114
coldWall,0.499,,2053.8610395837522,2327.0110395837523,2063.3847308805393,2336.5347308805394,2093.4864512520817,2366.6364512520818,2099.9965428391056,2373.1465428391057,1,3,0.0002864656620001407,0.0,0.0004990011220797896
coldWall,0.5489999999999999,,2050.8685571119854,2324.0185571119855,2063.004050894584,2336.154050894584,2092.8514316386554,2366.0014316386555,2099.9965428391056,2373.1465428391057,1,3,0.00030654644951373585,0.0,0.0005490015028044581
coldWall,0.599,,2047.6249516958105,2320.7749516958106,2062.5906026262514,2335.7406026262515,2092.130733023941,2365.280733023941,2099.9965428391056,2373.1465428391057,1,3,0.0003250565290792952,0.0,0.0005990018835291266
coldWall,0.6489999999999999,,2043.942592535289,2317.092592535289,2062.1208175140487,2335.2708175140488,2091.296333400141,2364.446333400141,2099.9965428391056,2373.1465428391057,1,3,0.00034199590069681893,0.0,0.0006490022642537951
coldWall,0.699,,1883.032050274941,2156.182050274941,2061.6470730386623,2334.7970730386623,2069.94928436895,2343.09928436895,2099.9965428391056,2373.1465428391057,1,3,0.0003573645643663068,0.0,0.0006990026449784636
coldWall,0.749,,1749.6015710919087,2022.7515710919088,2061.220449823409,2334.370449823409,2051.1697378561403,2324.3197378561404,2099.9965428391056,2373.1465428391057,1,3,0.00037116252008775907,0.0,0.0007490030257031322
coldWall,0.7989999999999999,,1638.9827572663003,1912.1327572663001,2060.815221620676,2333.965221620676,2036.9743647278306,2310.1243647278307,2099.9965428391056,2373.1465428391057,1,3,0.0003833897678611755,0.0,0.0007990034064278007
coldWall,0.849,,1545.8044383346428,1818.9544383346426,2060.4135411972034,2333.5635411972034,2024.8994508094843,2298.0494508094844,2099.9965428391056,2373.1465428391057,1,3,0.0003940463076865563,0.0,0.0008490037871524692
coldWall,0.8989999999999999,,1475.6051060487039,1748.7551060487037,2060.029520290141,2333.179520290141,2015.6343950837959,2288.784395083796,2099.9965428391056,2373.1465428391057,1,3,0.0004031321395639014,0.0,0.0008990041678771377
coldWall,0.949,,1434.2478790259229,1707.397879025923,2059.683566928701,2332.833566928701,2009.914178155797,2283.064178155797,2099.9965428391056,2373.1465428391057,1,3,0.0004106472634932107,0.0,0.0009490045486018062
coldWall,0.9989999999999999,,1411.9676355066772,1685.117635506677,2059.3552020673997,2332.5052020673998,2006.5223071918567,2279.672307191857,2099.9965428391056,2373.1465428391057,1,3,0.000416591679474484,0.0,0.0009990049293264747
coldWall,1.049,,1404.3423409269444,1677.4923409269443,2059.0386512334903,2332.1886512334904,2004.9107459566676,2278.0607459566677,2099.9965428391056,2373.1465428391057,1,3,0.0004209653875077217,0.0,0.0010490053100511432
coldWall,1.099,,1407.6253338570305,1680.7753338570305,2058.7307138483197,2331.88071384832,2004.6195753722036,2277.7695753722037,2099.9965428391056,2373.1465428391057,1,3,0.00042376838759292383,0.0,0.0010990056907758117
coldWall,1.1489999999999998,,1418.4921838177534,1691.6421838177534,2058.429537423403,2331.579537423403,2005.2414468821994,2278.3914468821995,2099.9904043137553,2373.1404043137554,1,3,0.0004250006797300907,0.0,0.0011490060715004802
coldWall,1.199,,1434.1178711704633,1707.2678711704634,2058.134222548555,2331.284222548555,2006.433157289457,2279.583157289457,2099.9821090072123,2373.1321090072124,1,3,0.0004250061219967233,0.0,0.0011990064522251487
coldWall,1.2489999999999999,,1452.3490180675572,1725.499018067557,2057.8437634895768,2330.993763489577,2007.686797949028,2280.836797949028,2099.97381369976,2373.12381369976,1,3,0.00042473006258705696,0.0,0.0012490068329498172
coldWall,1.299,,1458.7869599371566,1731.9369599371564,2057.558443745395,2330.708443745395,1994.6025494870041,2267.752549487004,2099.9655183904883,2373.1155183904884,1,3,0.00042422718626982975,0.0,0.0012990072136744857
coldWall,1.349,,1450.3156323644935,1723.4656323644933,2057.2814410257984,2330.4314410257984,1983.6266127327594,2256.7766127327595,2099.957223079398,2373.107223079398,1,3,0.00042349803056607985,0.0,0.0013490075943991542
coldWall,1.3989999999999998,,1434.7753731343282,1707.9253731343283,2057.014494522137,2330.164494522137,1974.6678392977437,2247.817839297744,2099.948927767398,2373.098927767398,1,3,0.00042254337486532584,0.0,0.0013990079751238227
coldWall,1.449,,1416.6661822466613,1689.8161822466614,2056.7580366232423,2329.9080366232424,1967.051721821952,2240.201721821952,2099.9406324544884,2373.0906324544885,1,3,0.0004213642395924829,0.0,0.0014490083558484912
coldWall,1.4989999999999999,,1398.47431264729,1671.6243126472898,2056.511775924168,2329.661775924168,1960.6106664081867,2233.760666408187,2099.9253690742967,2373.0753690742968,1,3,0.0004199618851171375,0.0,0.0014990087365731597
coldWall,1.549,,1381.5183032207383,1654.6683032207384,2056.2751442868644,2329.4251442868645,1955.2032692536773,2228.3532692536774,2099.908778437564,2373.058778437564,1,3,0.00041833781040634665,0.0,0.0015490091172978282
coldWall,1.599,,1366.4403377847602,1639.5903377847603,2056.0474446246462,2329.1974446246463,1950.7047433385428,2223.854743338543,2099.8921877962835,2373.0421877962835,1,3,0.0004164937514224031,0.0,0.0015990094980224967
coldWall,1.6489999999999998,,1353.4878633150038,1626.6378633150039,2055.8279229580394,2328.9779229580395,1947.0009472365077,2220.150947236508,2099.8677995430603,2373.0177995430604,1,3,0.0004144316792672766,0.0,0.0016490098787471652
coldWall,1.699,,1342.686704634721,1615.8367046347212,2055.6159183920645,2328.7659183920646,1943.9905967211284,2217.1405967211285,2099.8429135579477,2372.9929135579478,1,3,0.00041215379807571647,0.0,0.0016990102594718337
coldWall,1.7489999999999999,,1333.9362136684995,1607.0862136684996,2055.410788252086,2328.5607882520862,1941.5790393028205,2214.7290393028206,2099.81238673299,2372.96238673299,1,3,0.0004096625426592677,0.0,0.0017490106401965022
coldWall,1.799,,1327.0697564807542,1600.219756480754,2055.2119925645557,2328.3619925645557,1939.681223000221,2212.831223000221,2099.7792053794888,2372.929205379489,1,3,0.00040696057590371707,0.0,0.0017990110209211707
coldWall,1.849,,1321.8870188531027,1595.0370188531028,2055.019038688091,2328.169038688091,1938.2186998317757,2211.3686998317758,2099.7407149825426,2372.8907149825427,1,3,0.0004040507859227531,0.0,0.0018490114016458392
coldWall,1.8989999999999998,,1318.1778672427336,1591.3278672427336,2054.831535438384,2327.981535438384,1937.1219855140084,2210.2719855140085,2099.6992382270014,2372.8492382270015,1,3,0.00040093628297088095,0.0,0.0018990117823705077
coldWall,1.949,,1315.7332482325214,1588.8832482325215,2054.649106240714,2327.799106240714,1936.3272768602224,2209.4772768602224,2099.6522864988924,2372.8022864988925,1,3,0.00039762039611889344,0.0,0.0019490121630951762
coldWall,1.9989999999999999,,1314.355498821681,1587.5054988216812,2054.471488559553,2327.621488559553,1935.7801552897417,2208.930155289742,2099.602514300384,2372.752514300384,1,3,0.0003941066696954484,0.0,0.001999012427404523
coldWall,2.0489999999999995,,1313.8597211311862,1587.009721131186,2054.298445771173,2327.4484457711733,1935.431813736653,2208.581813736653,2099.547101192909,2372.697101192909,1,3,0.000390398859498563,0.0,0.0020490128081291914
coldWall,2.099,,1314.077120974077,1587.227120974077,2054.12976979505,2327.27976979505,1935.2396086273839,2208.389608627384,2099.489033499592,2372.639033499592,1,3,0.00038650092878106504,0.0,0.00209901318885386
coldWall,2.149,,1314.8577572663003,1588.0077572663001,2053.9653384554695,2327.1153384554696,1935.1685695312035,2208.3185695312036,2099.426320313794,2372.576320313794,1,3,0.0003824170440142992,0.0002656651777215302,0.0021490135695785284
coldWall,2.1989999999999994,,1316.0678908091122,1589.2178908091123,2053.804989733997,2326.954989733997,1934.6387398685602,2207.7887398685602,2099.3599570683705,2372.5099570683706,1,3,0.00037815157043461563,0.0002656651777215302,0.002199013950303197
coldWall,2.249,,1317.2486645718773,1590.3986645718774,2053.648680361733,2326.798680361733,1927.4610096342744,2200.6110096342745,2099.2922664663615,2372.4422664663616,1,3,0.00037370906737739745,0.0002656651777215302,0.0022490143310278654
coldWall,2.299,,1317.4688138256088,1590.6188138256089,2053.496372491817,2326.646372491817,1921.2135672025988,2194.363567202599,2099.217607606986,2372.367607606986,1,3,0.0003690942834036197,0.0002656651777215302,0.002299014711752534
coldWall,2.3489999999999993,,1316.3682639434405,1589.5182639434406,2053.3481471823575,2326.4981471823576,1915.7613771217534,2188.9113771217535,2099.1429486357424,2372.2929486357425,1,3,0.0003643121512241445,0.0002656651777215302,0.0023490150924772024
coldWall,2.399,,1313.9980754124117,1587.1480754124116,2053.2040823830557,2326.354082383056,1910.8135085938825,2183.9635085938826,2099.0661327314206,2372.2161327314207,1,3,0.0003593677824271805,0.0002656651777215302,0.002399015473201871
coldWall,2.449,,1310.5589552238807,1583.7089552238806,2053.0642739047375,2326.2142739047376,1906.300173507197,2179.450173507197,2098.983178058004,2372.133178058004,1,3,0.00035426646201454126,0.0002656651777215302,0.0024490158539265394
coldWall,2.4990000000000006,,1306.2860761979578,1579.4360761979576,2052.928824638422,2326.0788246384222,1902.169367568667,2175.319367568667,2098.9002232454345,2372.0502232454346,1,3,0.00034901364275254353,0.0002656651777215302,0.002499016234651208
coldWall,2.549,,1301.400569520817,1574.550569520817,2052.797729703048,2325.947729703048,1898.3766674617846,2171.5266674617847,2098.8172682937125,2371.9672682937126,1,3,0.0003436149393435824,0.0002656651777215302,0.0025490166153758764
coldWall,2.5989999999999998,,1296.0918499607228,1569.2418499607227,2052.6709825081034,2325.8209825081035,1894.8861541670253,2168.0361541670254,2098.734313203747,2371.8843132037473,1,3,0.0003380761224246145,0.0002656651777215302,0.002599016996100545
coldWall,2.6490000000000005,,1290.5125098193244,1563.6625098193244,2052.5485476528474,2325.6985476528475,1891.6666162143856,2164.8166162143857,2098.6503625108503,2371.8003625108504,1,3,0.00033240311239896437,0.0002656651777215302,0.0026490173768252134
coldWall,2.699,,1284.7810683424982,1557.931068342498,2052.4303474895546,2325.5803474895547,1888.6898237293804,2161.8398237293804,2098.5591115968396,2371.7091115968396,1,3,0.00032660197310804536,0.0002656651777215302,0.002699017757549882
coldWall,2.7489999999999997,,1278.9866849960722,1552.1366849960723,2052.316341293647,2325.466341293647,1885.9327260676932,2159.0827260676933,2098.4678605145723,2371.6178605145724,1,3,0.0003206789053497618,0.0002656651777215302,0.0027490181382745504
coldWall,2.7990000000000004,,1273.1906323644935,1546.3406323644933,2052.2064381373507,2325.356438137351,1883.3731155084638,2156.523115508464,2098.3766092640485,2371.5266092640486,1,3,0.00031464024025051846,0.0002656651777215302,0.002799018518999219
coldWall,2.8489999999999998,,1267.426001571092,1540.5760015710919,2052.1005624165946,2325.2505624165947,1880.9913110182051,2154.141311018205,2098.290335200543,2371.440335200543,1,3,0.0003084924324979228,0.0002656651777215302,0.0028490188997238874
coldWall,2.8989999999999996,,1261.7273566378635,1534.8773566378634,2051.9986039738096,2325.1486039738097,1878.7690297365775,2151.9190297365776,2098.2073792283677,2371.357379228368,1,3,0.0003022420534414144,0.0002656651777215302,0.002899019280448556
coldWall,2.9490000000000003,,1256.1180675569522,1529.268067556952,2051.900485423659,2325.050485423659,1876.6908852097908,2149.840885209791,2098.12442311704,2371.27442311704,1,3,0.00029589578406819455,0.0002656651777215302,0.0029490196611732244
coldWall,2.999,,1250.6129615082482,1523.7629615082483,2051.806131505344,2324.9561315053443,1874.7431258587326,2147.8931258587327,2098.041466867469,2371.191466867469,1,3,0.0002894604078619642,0.0002656651777215302,0.002999020041897893
coldWall,3.0489999999999995,,1245.2196975648076,1518.3696975648074,2051.715453554578,2324.865453554578,1872.912982161276,2146.062982161276,2097.958510478745,2371.1085104787453,1,3,0.0002829428035521062,0.0002656651777215302,0.0030490204226225615
coldWall,3.099,,1239.9414179104479,1513.0914179104477,2051.62837922691,2324.77837922691,1871.1894664534925,2144.3394664534926,2097.875553950869,2371.025553950869,1,3,0.0002763499377610574,0.0002656651777215302,0.00309902080334723
coldWall,3.149,,1234.7778279654358,1507.9278279654359,2051.5448306582643,2324.6948306582644,1869.562702325377,2142.712702325377,2097.79475415962,2370.94475415962,1,3,0.00026968885755773497,0.0002656651777215302,0.0031490211840718985
coldWall,3.1989999999999994,,1229.752690494894,1502.902690494894,2051.4645453329526,2324.6145453329527,1868.0239097180292,2141.1739097180293,2097.7200930446975,2370.8700930446976,1,3,0.0002656651777215302,0.0002656651777215302,0.003199021564796567
coldWall,3.249,,1225.0901806755696,1498.2401806755695,2051.385628858916,2324.535628858916,1866.563791589383,2139.713791589383,2097.643274934851,2370.793274934851,1,3,0.0002656651777215302,0.0002656651777215302,0.0032490219455212355
coldWall,3.299,,1220.8083660644147,1493.9583660644148,2051.3075896847076,2324.4575896847077,1865.1785478769175,2138.3285478769176,2097.5603178794677,2370.7103178794678,1,3,0.0002656651777215302,0.0002656651777215302,0.003299022326245904
coldWall,3.3489999999999998,,1216.8705223880597,1490.0205223880596,2051.230386583283,2324.380386583283,1863.8653776189508,2137.015377618951,2097.477360685841,2370.6273606858413,1,3,0.0002656651777215302,0.0002656651777215302,0.0033490227069705725
coldWall,3.399,,1213.2457187745485,1486.3957187745484,2051.153939904157,2324.3039399041572,1862.6201230124557,2135.7701230124558,2097.3944033521525,2370.5444033521526,1,3,0.0002656651777215302,0.0002656651777215302,0.003399023087695241
coldWall,3.449,,1209.9075412411626,1483.0575412411627,2051.0782728582262,2324.2282728582263,1861.4426091095543,2134.5926091095544,2097.3114458802206,2370.4614458802207,1,3,0.0002656651777215302,0.0002656651777215302,0.0034490234684199095
coldWall,3.4990000000000006,,1206.8336017282013,1479.9836017282012,2051.0033510308267,2324.153351030827,1860.330568703233,2133.480568703233,2097.2284882700455,2370.3784882700456,1,3,0.0002656651777215302,0.0002656651777215302,0.003499023849144578
coldWall,3.549,,1204.0037706205812,1477.1537706205813,2050.929101590397,2324.079101590397,1859.279849811829,2132.429849811829,2097.139391641574,2370.289391641574,1,3,0.0002656651777215302,0.0002656651777215302,0.0035490242298692465
coldWall,3.5989999999999998,,1201.4006677140615,1474.5506677140613,2050.8555274712307,2324.005527471231,1858.2897067396725,2131.4397067396726,2097.048137945419,2370.198137945419,1,3,0.0002656651777215302,0.0002656651777215302,0.003599024610593915
coldWall,3.6490000000000005,,1199.0096622152396,1472.1596622152397,2050.782579509907,2323.932579509907,1857.3570007773428,2130.507000777343,2096.9568840810075,2370.1068840810076,1,3,0.0002656651777215302,0.0002656651777215302,0.0036490249913185835
coldWall,3.699,,1196.817498036135,1469.967498036135,2050.7102227467394,2323.8602227467395,1856.4794189194836,2129.6294189194837,2096.8656300483394,2370.0156300483395,1,3,0.0002656651777215302,0.0002656651777215302,0.003699025372043252
coldWall,3.7489999999999997,,1194.8121956009427,1467.9621956009426,2050.638467208166,2323.788467208166,1855.6562628591782,2128.8062628591783,2096.7743758483243,2369.9243758483244,1,3,0.0002656651777215302,0.0002656651777215302,0.0037490257527679205
coldWall,3.7990000000000004,,1192.9829536527886,1466.1329536527887,2050.5672916104622,2323.7172916104623,1854.8855756731618,2128.035575673162,2096.6814623079676,2369.8314623079677,1,3,0.0002656651777215302,0.0002656651777215302,0.003799026133492589
coldWall,3.849,,1191.320051060487,1464.470051060487,2050.4966354658686,2323.6466354658687,1854.1638374942454,2127.3138374942455,2096.5819118928243,2369.7319118928244,1,3,0.0002656651777215302,0.0002656651777215302,0.0038490265142172575
coldWall,3.8990000000000005,,1189.815534171249,1462.965534171249,2050.4265056359523,2323.5765056359523,1853.4903915185641,2126.6403915185642,2096.482361277592,2369.6323612775923,1,3,0.0002656651777215302,0.0002656651777215302,0.003899026894941926
coldWall,3.9490000000000003,,1188.4607619795756,1461.6107619795757,2050.356863465385,2323.506863465385,1852.8625755482517,2126.012575548252,2096.3828104631807,2369.532810463181,1,3,0.0002656651777215302,0.0002656651777215302,0.003949017263948917
coldWall,3.999,,1187.2485663786333,1460.3985663786332,2050.2876981871746,2323.4376981871746,1852.2789629114832,2125.4289629114833,2096.283259447771,2369.433259447771,1,3,0.0002656651777215302,0.0002656651777215302,0.003999006003141403
coldWall,4.049,,1186.172172034564,1459.3221720345641,2050.219020343034,2323.369020343034,1851.738896830699,2124.888896830699,2096.1837082331817,2369.333708233182,1,3,0.0002656651777215302,0.0002656651777215302,0.004048994742333889
coldWall,4.099,,1185.225589159466,1458.3755891594658,2050.1507949572383,2323.3007949572384,1851.239859301647,2124.389859301647,2096.0786814848666,2369.2286814848667,1,3,0.0002656651777215302,0.0002656651777215302,0.004098983481526375
coldWall,4.149,,1184.4027297721918,1457.5527297721917,2050.08296916314,2323.2329691631403,1850.778764999698,2123.928764999698,2095.9708338805262,2369.1208338805263,1,3,0.0002656651777215302,0.0002656651777215302,0.004148972220718861
coldWall,4.199000000000001,,1183.6979968578162,1456.8479968578163,2050.015567969445,2323.165567969445,1850.3556623321251,2123.505662332125,2095.8629860424458,2369.012986042446,1,3,0.0002656651777215302,0.0002656651777215302,0.0041989609599113464
coldWall,4.2490000000000006,,1183.1063825608799,1456.2563825608797,2049.9485758665023,2323.0985758665024,1849.9687882037224,2123.1187882037225,2095.7551379697156,2368.9051379697157,1,3,0.0002656651777215302,0.0002656651777215302,0.004248949699103832
coldWall,4.2989999999999995,,1182.6231736056561,1455.773173605656,2049.8819702408614,2323.0319702408615,1849.6163880437734,2122.7663880437735,2095.6472896614264,2368.7972896614265,1,3,0.0002656651777215302,0.0002656651777215302,0.004298938438296318
coldWall,4.349,,1182.2437549096621,1455.3937549096622,2049.815745316248,2322.965745316248,1849.2972018025453,2122.4472018025454,2095.5382796719255,2368.6882796719256,1,3,0.0002656651777215302,0.0002656651777215302,0.004348927177488804
coldWall,4.399,,1181.9637077769048,1455.113707776905,2049.749870321922,2322.899870321922,1849.00910167958,2122.15910167958,2095.422134822909,2368.572134822909,1,3,0.0002656651777215302,0.0002656651777215302,0.00439891591668129
coldWall,4.449,,1181.778809897879,1454.928809897879,2049.6843402698537,2322.834340269854,1848.7508720883216,2121.9008720883216,2095.305989701044,2368.455989701044,1,3,0.0002656651777215302,0.0002656651777215302,0.0044489046558737755
coldWall,4.4990000000000006,,1181.6852317360567,1454.8352317360566,2049.6191459616875,2322.7691459616876,1848.5213517945363,2121.6713517945363,2095.18984430724,2368.33984430724,1,3,0.0002656651777215302,0.0002656651777215302,0.004498893395066261
coldWall,4.549,,1181.679241948154,1454.829241948154,2049.5542984569624,2322.7042984569625,1848.3199808266068,2121.469980826607,2095.0736986414972,2368.2236986414973,1,3,0.0002656651777215302,0.0002656651777215302,0.004548882134258747
coldWall,4.599,,1181.7570109976432,1454.9070109976433,2049.489755670063,2322.639755670063,1848.1443007645944,2121.2943007645945,2094.957552702906,2368.107552702906,1,3,0.0002656651777215302,0.0002656651777215302,0.004598870873451233
coldWall,4.649,,1181.914709347997,1455.0647093479968,2049.4255149791793,2322.5755149791794,1845.6518766710042,2118.8018766710043,2094.835931021405,2367.985931021405,1,3,0.0002656651777215302,0.0002656651777215302,0.004648859612643719
coldWall,4.699,,1182.1436959937155,1455.2936959937156,2049.361566928233,2322.511566928233,1842.7806212871433,2115.9306212871434,2094.71148833745,2367.8614883374503,1,3,0.0002656651777215302,0.0002656651777215302,0.0046988483518362045
coldWall,4.749,,1182.427965435978,1455.577965435978,2049.297904175109,2322.447904175109,1840.1687266627828,2113.318726662783,2094.587045340629,2367.7370453406293,1,3,0.0002656651777215302,0.0002656651777215302,0.00474883709102869
coldWall,4.799,,1182.7479772191673,1455.8979772191674,2049.234529116164,2322.3845291161642,1837.6754962125265,2110.8254962125266,2094.4626020318515,2367.6126020318516,1,3,0.0002656651777215302,0.0002656651777215302,0.004798825830221176
coldWall,4.849,,1183.0841908876669,1456.234190887667,2049.1714480936075,2322.3214480936076,1835.2905938023791,2108.440593802379,2094.3381584102076,2367.4881584102077,1,3,0.0002656651777215302,0.0002656651777215302,0.004848814569413662
coldWall,4.899000000000001,,1183.4156912804401,1456.56569128044,2049.1086329849722,2322.2586329849723,1833.0039049296693,2106.1539049296694,2094.2113915198183,2367.3613915198184,1,3,0.0002656651777215302,0.0002656651777215302,0.004898803308606148
coldWall,4.949,,1183.7267674783975,1456.8767674783976,2049.046050662298,2322.196050662298,1830.8066604512255,2103.9566604512256,2094.078650972731,2367.228650972731,1,3,0.0002656651777215302,0.0002656651777215302,0.004948792047798634
coldWall,4.999,,1184.0028868813824,1457.1528868813825,2048.9837403466368,2322.133740346637,1828.6941199949997,2101.844119995,2093.945910070031,2367.095910070031,1,1,0.0002656651777215302,0.0002656651777215302,0.004998780786991119
coldWall,5.049,,1184.232462686567,1457.3824626865671,2048.92169389764,2322.07169389764,1826.6605215373447,2099.810521537345,2093.8131688117187,2366.963168811719,1,1,0.0002656651777215302,0.0002656651777215302,0.005048769526183605
coldWall,5.099,,1184.4068538884526,1457.5568538884525,2048.8599263238125,2322.0099263238126,1824.7016415646062,2097.8516415646063,2093.680427197794,2366.830427197794,1,1,0.0002656651777215302,0.0002656651777215302,0.005098758265376091
coldWall,5.149,,1184.5194815396699,1457.66948153967,2048.798420532689,2321.948420532689,1822.8128750190044,2095.9628750190045,2093.547353373649,2366.697353373649,1,1,0.0002656651777215302,0.0002656651777215302,0.005148747004568577
coldWall,5.199000000000001,,1184.5665161036923,1457.7165161036921,2048.737151798853,2321.887151798853,1820.989652221279,2094.139652221279,2093.4063146405583,2366.5563146405584,1,1,0.0002656651777215302,0.0002656651777215302,0.005198735743761063
coldWall,5.2490000000000006,,1184.5459937156324,1457.6959937156323,2048.676155643197,2321.826155643197,1819.2302836064678,2092.380283606468,2093.2652755063805,2366.4152755063806,1,1,0.0002656651777215302,0.0002656651777215302,0.005248724482953548
coldWall,5.2989999999999995,,1184.457227022781,1457.6072270227808,2048.6154465372806,2321.7654465372807,1817.5324283536124,2090.6824283536125,2093.124235970206,2366.274235970206,1,1,0.0002656651777215302,0.0002656651777215302,0.005298713222146034
coldWall,5.349,,1184.3013943440692,1457.451394344069,2048.5550063267196,2321.7050063267197,1815.8929640153324,2089.0429640153325,2092.9831960329443,2366.1331960329444,1,1,0.0002656651777215302,0.0002656651777215302,0.00534870196133852
coldWall,5.399,,1184.080263157895,1457.2302631578948,2048.494837377576,2321.644837377576,1814.3097307056833,2087.4597307056833,2092.8421556945955,2365.9921556945956,1,1,0.0002656651777215302,0.0002656651777215302,0.005398690700531006
coldWall,5.449,,1183.7967792615868,1456.9467792615867,2048.434941265343,2321.584941265343,1812.7806390261735,2085.9306390261736,2092.7011149551595,2365.8511149551596,1,1,0.0002656651777215302,0.0002656651777215302,0.005448679439723492
coldWall,5.4990000000000006,,1183.4545758051845,1456.6045758051846,2048.375276680513,2321.525276680513,1811.3022918940792,2084.4522918940793,2092.5531047114396,2365.7031047114397,1,1,0.0002656651777215302,0.0002656651777215302,0.0054986681789159775
coldWall,5.549,,1183.0575805184603,1456.2075805184604,2048.315859404366,2321.4658594043663,1809.8736899426458,2083.023689942646,2092.4037665736228,2365.553766573623,1,1,0.0002656651777215302,0.0002656651777215302,0.005548656918108463
coldWall,5.599,,1182.6104084838962,1455.7604084838963,2048.2567062701814,2321.4067062701815,1808.4937783801893,2081.6437783801894,2092.254427985606,2365.404427985606,1,1,0.0002656651777215302,0.0002656651777215302,0.005598645657300949
coldWall,5.649,,1182.1173802042422,1455.267380204242,2048.197829375806,2321.347829375806,1807.161671845603,2080.311671845603,2092.105088948299,2365.255088948299,1,1,0.0002656651777215302,0.0002656651777215302,0.005648634396493435
coldWall,5.699,,1181.583208955224,1454.733208955224,2048.1392271377663,2321.2892271377664,1805.87582871337,2079.02582871337,2091.9557494598826,2365.1057494598826,1,1,0.0002656651777215302,0.0002656651777215302,0.005698623135685921
coldWall,5.749,,1181.0125098193244,1454.1625098193244,2048.080900866809,2321.230900866809,1804.6350638351273,2077.7850638351274,2091.8064095221757,2364.956409522176,1,1,0.0002656651777215302,0.0002656651777215302,0.0057486118748784065
coldWall,5.799,,1180.4100942655145,1453.5600942655146,2048.022834509262,2321.172834509262,1803.437451635311,2076.587451635311,2091.6532526516653,2364.8032526516654,1,1,0.0002656651777215302,0.0002656651777215302,0.005798600614070892
coldWall,5.849,,1179.7804791830322,1452.9304791830323,2047.965002277349,2321.115002277349,1802.2809162759554,2075.4309162759555,2091.495615075471,2364.645615075471,1,1,0.0002656651777215302,0.0002656651777215302,0.005848589353263378
coldWall,5.899000000000001,,1179.1280832678713,1452.2780832678711,2047.9074423155107,2321.057442315511,1801.165851625689,2074.315851625689,2091.3379769972357,2364.487976997236,1,1,0.0002656651777215302,0.0002656651777215302,0.005898578092455864
coldWall,5.949000000000001,,1178.4573252160253,1451.6073252160252,2047.8501548825834,2321.0001548825835,1800.0912119329432,2073.2412119329433,2091.180338417869,2364.330338417869,1,1,0.0002656651777215302,0.0002656651777215302,0.00594856683164835
coldWall,5.999,,1177.772329143755,1450.922329143755,2047.7931360281718,2320.943136028172,1799.0557673339313,2072.2057673339314,2091.022699336461,2364.172699336461,1,1,0.0002656651777215302,0.0002656651777215302,0.005998555570840836
coldWall,6.049,,1177.077120974077,1450.227120974077,2047.736354966707,2320.886354966707,1798.0574187915854,2071.2074187915855,2090.8650597539213,2364.0150597539214,1,1,0.0002656651777215302,0.0002656651777215302,0.006048544310033321
coldWall,6.099,,1176.3750392772977,1449.5250392772978,2047.6798177461624,2320.8298177461625,1797.0955031593348,2070.245503159335,2090.70741967025,2363.8574196702502,1,1,0.0002656651777215302,0.0002656651777215302,0.006098533049225807
coldWall,6.149,,1175.6680479183033,1448.8180479183031,2047.623533047742,2320.773533047742,1796.1693688576283,2069.3193688576284,2090.5476218940726,2363.6976218940727,1,1,0.0002656651777215302,0.0002656651777215302,0.006148521788418293
coldWall,6.199000000000001,,1174.9610565593089,1448.1110565593087,2047.5674882380495,2320.7174882380496,1795.2777294906941,2068.427729490694,2090.381683887242,2363.5316838872423,1,1,0.0002656651777215302,0.0002656651777215302,0.006198510527610779
coldWall,6.2490000000000006,,1174.2588766692852,1447.408876669285,2047.511682260364,2320.661682260364,1794.419775468737,2067.569775468737,2090.215745323801,2363.365745323801,1,1,0.0002656651777215302,0.0002656651777215302,0.006248499266803265
coldWall,6.2989999999999995,,1173.5619992144539,1446.711999214454,2047.4561311639645,2320.6061311639646,1793.5952743356115,2066.7452743356116,2090.0498062046586,2363.1998062046587,1,1,0.0002656651777215302,0.0002656651777215302,0.00629848800599575
coldWall,6.349,,1172.8731736056561,1446.023173605656,2047.400829947865,2320.550829947865,1792.8032359224421,2065.953235922442,2089.8838665307244,2363.0338665307245,1,1,0.0002656651777215302,0.0002656651777215302,0.006348476745188236
coldWall,6.399,,1172.1951492537314,1445.3451492537313,2047.3457628243182,2320.4957628243183,1792.0422792621544,2065.1922792621544,2089.7179263001794,2362.8679263001795,1,1,0.0002656651777215302,0.0002656651777215302,0.006398465484380722
coldWall,6.449,,1171.5298900235666,1444.6798900235665,2047.2909090077878,2320.440909007788,1791.3108831101445,2064.4608831101446,2089.5519855148427,2362.701985514843,1,1,0.0002656651777215302,0.0002656651777215302,0.006448454223573208
coldWall,6.4990000000000006,,1170.8794579732917,1444.0294579732915,2047.2362984897077,2320.3862984897078,1790.609467681461,2063.759467681461,2089.3855463482373,2362.5355463482374,1,1,0.0002656651777215302,0.0002656651777215302,0.006498442962765694
coldWall,6.549,,1170.2457187745485,1443.3957187745484,2047.1819012763403,2320.3319012763404,1789.9362334576922,2063.0862334576923,2089.211307339608,2362.361307339608,1,1,0.0002656651777215302,0.0002656651777215302,0.0065484317019581795
coldWall,6.599,,1169.63034171249,1442.78034171249,2047.1277168405668,2320.277716840567,1789.2904189887408,2062.440418988741,2089.037067718889,2362.187067718889,1,1,0.0002656651777215302,0.0002656651777215302,0.006598420441150665
coldWall,6.649,,1169.0347996857818,1442.1847996857816,2047.0737675448472,2320.2237675448473,1788.6722966130142,2061.8222966130143,2088.862827484261,2362.012827484261,1,1,0.0002656651777215302,0.0002656651777215302,0.006648409180343151
coldWall,6.699,,1168.4603692065984,1441.6103692065985,2047.0200452328545,2320.1700452328546,1788.0808790689512,2061.2308790689513,2088.6885866384523,2361.8385866384524,1,1,0.0002656651777215302,0.0002656651777215302,0.006698397919535637
coldWall,6.749,,1167.9085231736058,1441.0585231736056,2046.9665178065202,2320.1165178065203,1787.5142628897179,2060.664262889718,2088.514345178735,2361.664345178735,1,1,0.0002656651777215302,0.0002656651777215302,0.006748386658728123
coldWall,6.799,,1167.3799489395128,1440.529948939513,2046.9132015778641,2320.063201577864,1786.9725097522555,2060.1225097522556,2088.3401031069275,2361.4901031069276,1,1,0.0002656651777215302,0.0002656651777215302,0.0067983753979206085
coldWall,6.849,,1166.875726630008,1440.025726630008,2046.8601036502523,2320.0101036502524,1786.4553318036478,2059.605331803648,2088.1648647482484,2361.3148647482485,1,1,0.0002656651777215302,0.0002656651777215302,0.006848364137113094
coldWall,6.899,,1166.396739984289,1439.5467399842892,2046.8072006082616,2319.9572006082617,1785.9612281986779,2059.111228198678,2087.982324132097,2361.132324132097,1,1,0.0002656651777215302,0.0002656651777215302,0.00689835287630558
coldWall,6.949000000000001,,1165.9435781618226,1439.0935781618225,2046.7544882426969,2319.904488242697,1785.4894950036432,2058.6394950036433,2087.7997828429193,2360.9497828429194,1,1,0.0002656651777215302,0.0002656651777215302,0.006948341615498066
coldWall,6.999,,1165.5170267085623,1438.6670267085624,2046.701966290665,2319.851966290665,1785.0395641433697,2058.18956414337,2087.617240881625,2360.767240881625,1,1,0.0002656651777215302,0.0002656651777215302,0.006998330354690552
coldWall,7.049,,1165.1173802042422,1438.267380204242,2046.6496413299378,2319.799641329938,1784.6111331061425,2057.7611331061426,2087.4346982482143,2360.5846982482144,1,1,0.0002656651777215302,0.0002656651777215302,0.007048319093883038
coldWall,7.099,,1164.745227808327,1437.8952278083268,2046.5975228324223,2319.7475228324224,1784.2040271282222,2057.3540271282222,2087.2521549417775,2360.4021549417776,1,1,0.0002656651777215302,0.0002656651777215302,0.007098307833075523
coldWall,7.149,,1164.4007659073054,1437.5507659073055,2046.545577911851,2319.695577911851,1783.8165957603123,2056.9665957603124,2087.069610963224,2360.219610963224,1,1,0.0002656651777215302,0.0002656651777215302,0.007148296572268009
coldWall,7.199000000000001,,1164.0842890809113,1437.2342890809111,2046.4938202496155,2319.6438202496156,1783.4487108653734,2056.5987108653735,2086.8834154125557,2360.0334154125558,1,1,0.0002656651777215302,0.0002656651777215302,0.007198285311460495
coldWall,7.2490000000000006,,1163.7960919088769,1436.9460919088767,2046.442232219125,2319.592232219125,1783.0993607111873,2056.2493607111874,2086.69257254405,2359.84257254405,1,1,0.0002656651777215302,0.0002656651777215302,0.007248274050652981
coldWall,7.2989999999999995,,1163.5360761979578,1436.6860761979576,2046.390816452174,2319.540816452174,1782.768087443962,2055.918087443962,2086.5017289397633,2359.6517289397634,1,1,0.0002656651777215302,0.0002656651777215302,0.007298262789845467
coldWall,7.349,,1163.3043401413984,1436.4543401413982,2046.3395679506884,2319.4895679506885,1782.4542399049596,2055.6042399049597,2086.3108846015143,2359.4608846015144,1,1,0.0002656651777215302,0.0002656651777215302,0.007348251529037952
coldWall,7.399,,1163.1008837391987,1436.2508837391988,2046.2884990808325,2319.4384990808326,1782.1579504974638,2055.307950497464,2086.1200395283936,2359.2700395283937,1,1,0.0002656651777215302,0.0002656651777215302,0.007398240268230438
coldWall,7.449,,1162.9259033778476,1436.0759033778477,2046.237609317211,2319.387609317211,1781.8787516012999,2055.0287516013,2085.9291937194916,2359.0791937194917,1,1,0.0002656651777215302,0.0002656651777215302,0.007448229007422924
coldWall,7.4990000000000006,,1162.7791044776118,1435.9291044776119,2046.1869018179464,2319.3369018179465,1781.6162759935028,2054.766275993503,2085.7381812220387,2358.888181222039,1,1,0.0002656651777215302,0.0002656651777215302,0.00749821774661541
coldWall,7.549,,1162.660192458759,1435.8101924587588,2046.1363131782587,2319.2863131782588,1781.367605538217,2054.517605538217,2085.5390362175945,2358.6890362175945,1,1,0.0002656651777215302,0.0002656651777215302,0.007548206485807896
coldWall,7.599,,1162.5691673212882,1435.7191673212883,2046.0858710237417,2319.2358710237418,1781.1335868764022,2054.2835868764023,2085.339890412795,2358.489890412795,1,1,0.0002656651777215302,0.0002656651777215302,0.0075981952250003815
coldWall,7.649,,1162.5056362922232,1435.655636292223,2046.035599034265,2319.185599034265,1780.9146548608583,2054.0646548608584,2085.1407438085494,2358.2907438085495,1,1,0.0002656651777215302,0.0002656651777215302,0.007648183964192867
coldWall,7.699,,1162.4693047918304,1435.6193047918302,2045.9854932642152,2319.1354932642153,1780.7104112845777,2053.860411284578,2084.941596403039,2358.091596403039,1,1,0.0002656651777215302,0.0002656651777215302,0.007698172703385353
coldWall,7.749,,1162.4603692065984,1435.6103692065985,2045.935548452388,2319.085548452388,1780.5201286435645,2053.6701286435646,2084.7424481971734,2357.8924481971735,1,1,0.0002656651777215302,0.0002656651777215302,0.007748161442577839
coldWall,7.7989999999999995,,1162.478142183818,1435.6281421838178,2045.8857511821288,2319.035751182129,1780.3429394318814,2053.4929394318815,2084.5432991909524,2357.6932991909525,1,1,0.0002656651777215302,0.0002656651777215302,0.007798150181770325
coldWall,7.849,,1162.522329143755,1435.672329143755,2045.836046994912,2318.986046994912,1780.1764589641184,2053.3264589641185,2084.3361833758513,2357.4861833758514,1,1,0.0002656651777215302,0.0002656651777215302,0.007848155684769154
coldWall,7.899,,1162.5926355066772,1435.742635506677,2045.7865008753388,2318.936500875339,1780.0228756534611,2053.1728756534612,2084.1287347757293,2357.2787347757294,1,1,0.0002656651777215302,0.0002656651777215302,0.007898167707026005
coldWall,7.949,,1162.688570306363,1435.838570306363,2045.7371038790116,2318.8871038790116,1779.9196062742208,2053.069606274221,2083.92128530704,2357.07128530704,1,1,0.0002656651777215302,0.0002656651777215302,0.007948179729282856
coldWall,7.998999999999999,,1162.8097407698351,1435.959740769835,2045.6878460093358,2318.837846009336,1779.8331229512319,2052.983122951232,2083.713834969783,2356.863834969783,1,1,0.0002656651777215302,0.0002656651777215302,0.007998191751539707
coldWall,8.049,,1162.9558523173605,1436.1058523173606,2045.6387227945925,2318.7887227945926,1779.7591109860691,2052.909110986069,2083.506383764868,2356.656383764868,1,1,0.0002656651777215302,0.0002656651777215302,0.008048203773796558
coldWall,8.098999999999998,,1163.1263157894737,1436.2763157894738,2045.589732131199,2318.739732131199,1779.6971232680157,2052.847123268016,2083.2989316904764,2356.4489316904765,1,1,0.0002656651777215302,0.0002656651777215302,0.00809821579605341
coldWall,8.149,,1163.3208366064414,1436.4708366064415,2045.5408684950253,2318.6908684950254,1779.6464438854496,2052.7964438854497,2083.091478747517,2356.2414787475172,1,1,0.0002656651777215302,0.0002656651777215302,0.00814822781831026
coldWall,8.199,,1163.538825608798,1436.6888256087982,2045.4921408324376,2318.6421408324377,1777.7401001568237,2050.890100156824,2082.8840249359905,2356.0340249359906,1,1,0.0002656651777215302,0.0002656651777215302,0.008198239840567112
coldWall,8.248999999999999,,1163.7795954438334,1436.9295954438335,2045.44353230651,2318.59353230651,1775.6966395829363,2048.8466395829364,2082.6765702558964,2355.8265702558965,1,1,0.0002656651777215302,0.0002656651777215302,0.008248251862823963
coldWall,8.299,,1164.0421641791045,1437.1921641791046,2045.3950418665886,2318.5450418665887,1773.7480408287588,2046.8980408287587,2082.469114707235,2355.619114707235,1,1,0.0002656651777215302,0.0002656651777215302,0.008298263885080814
coldWall,8.348999999999998,,1164.3246661429694,1437.4746661429695,2045.3466700409722,2318.4966700409723,1771.8844470511158,2045.0344470511159,2082.261658290006,2355.411658290006,1,1,0.0002656651777215302,0.0002656651777215302,0.008348275907337666
coldWall,8.399,,1164.6239591516105,1437.7739591516104,2045.2984189382573,2318.4484189382574,1770.097805876278,2043.2478058762779,2082.0542010033,2355.2042010033,1,1,0.0002656651777215302,0.0002656651777215302,0.008398287929594517
coldWall,8.449,,1164.9371956009427,1438.0871956009426,2045.2502683034431,2318.400268303443,1768.380640889989,2041.5306408899892,2081.846742848936,2354.9967428489363,1,1,0.0002656651777215302,0.0002656651777215302,0.008448299951851368
coldWall,8.498999999999999,,1165.2595640219952,1438.4095640219953,2045.2022294546077,2318.352229454608,1766.727281647186,2039.8772816471858,2081.6392838250954,2354.7892838250955,1,1,0.0002656651777215302,0.0002656651777215302,0.00849831197410822
coldWall,8.549,,1165.5882168106837,1438.7382168106835,2045.15430055348,2318.30430055348,1765.1329824636337,2038.2829824636335,2081.431823932687,2354.5818239326873,1,1,0.0002656651777215302,0.0002656651777215302,0.00854832399636507
coldWall,8.598999999999998,,1165.9171641791045,1439.0671641791046,2045.1064747657433,2318.2564747657434,1763.593209118144,2036.7432091181438,2081.2243631717115,2354.3743631717116,1,1,0.0002656651777215302,0.0002656651777215302,0.008598336018621922
coldWall,8.649,,1166.2440494893954,1439.3940494893952,2045.058760513034,2318.208760513034,1762.1046293762993,2035.2546293762994,2081.0169015421684,2354.1669015421685,1,1,0.0002656651777215302,0.0002656651777215302,0.008648348040878773
coldWall,8.699,,1166.5640612725847,1439.7140612725846,2045.011156484852,2318.161156484852,1760.6640600439132,2033.814060043913,2080.809439044058,2353.959439044058,1,1,0.0002656651777215302,0.0002656651777215302,0.008698360063135624
coldWall,8.749,,1166.8735663786333,1440.0235663786332,2044.9636590017294,2318.1136590017295,1759.2685555170633,2032.4185555170634,2080.6019756764704,2353.7519756764705,1,1,0.0002656651777215302,0.0002656651777215302,0.008748372085392475
coldWall,8.799,,1167.1693244304793,1440.3193244304791,2044.9162717502322,2318.0662717502323,1757.9157984502008,2031.0657984502009,2080.3945114403155,2353.5445114403155,1,1,0.0002656651777215302,0.0002656651777215302,0.008798384107649326
coldWall,8.848999999999998,,1167.448193244305,1440.5981932443049,2044.8689978906996,2318.0189978906997,1756.6038244914544,2029.7538244914545,2080.189203977168,2353.339203977168,1,1,0.0002656651777215302,0.0002656651777215302,0.008848396129906178
coldWall,8.899,,1167.7079143754909,1440.857914375491,2044.82185584217,2317.97185584217,1755.3313207872388,2028.481320787239,2079.9900366682755,2353.1400366682756,1,1,0.0002656651777215302,0.0002656651777215302,0.008898408152163029
coldWall,8.948999999999998,,1167.9461311861746,1441.0961311861745,2044.774822191488,2317.924822191488,1754.0957394502934,2027.2457394502933,2079.7908685581183,2352.9408685581184,1,1,0.0002656651777215302,0.0002656651777215302,0.00894842017441988
coldWall,8.999,,1168.161468970935,1441.3114689709348,2044.7279040437097,2317.87790404371,1752.8957175338555,2026.0457175338554,2079.5916996476058,2352.741699647606,1,1,0.0002656651777215302,0.0002656651777215302,0.008998432196676731
coldWall,9.049,,1168.352258444619,1441.502258444619,2044.681095349326,2317.831095349326,1751.729580501797,2024.8795805017971,2079.3925299358284,2352.5425299358285,1,1,0.0002656651777215302,0.0002656651777215302,0.009048444218933582
coldWall,9.099,,1168.5178122545171,1441.667812254517,2044.6343916364303,2317.7843916364304,1750.5958602475348,2023.745860247535,2079.193359424605,2352.3433594246053,1,1,0.0002656651777215302,0.0002656651777215302,0.009098456241190434
coldWall,9.149,,1168.6574430479182,1441.8074430479182,2044.5877921164406,2317.7377921164407,1749.4935042911447,2022.6435042911446,2078.9941881112077,2352.1441881112078,1,1,0.0002656651777215302,0.0002656651777215302,0.009148468263447285
coldWall,9.198999999999998,,1168.7709544383347,1441.9209544383345,2044.541300735907,2317.691300735907,1748.4213797438424,2021.5713797438423,2078.7950159983643,2351.9450159983644,1,1,0.0002656651777215302,0.0002656651777215302,0.009198480285704136
coldWall,9.248999999999999,,1168.858051846033,1442.008051846033,2044.4949261774614,2317.6449261774615,1747.3789563682512,2020.5289563682513,2078.5958430833466,2351.7458430833467,1,1,0.0002656651777215302,0.0002656651777215302,0.009248492307960987
coldWall,9.299,,1168.9193244304793,1442.0693244304791,2044.448666072628,2317.598666072628,1746.3650518189797,2019.5150518189796,2078.396669368883,2351.546669368883,1,1,0.0002656651777215302,0.0002656651777215302,0.009298504330217838
coldWall,9.349,,1168.9549685781617,1442.1049685781618,2044.4025177903054,2317.5525177903055,1745.3787606072606,2018.5287606072607,2078.1974948531547,2351.347494853155,1,1,0.0002656651777215302,0.0002656651777215302,0.00934851635247469
coldWall,9.399,,1168.9657698350352,1442.1157698350353,2044.3564710690862,2317.5064710690863,1744.418973717814,2017.568973717814,2077.9983195361615,2351.1483195361616,1,1,0.0002656651777215302,0.0002656651777215302,0.00939852837473154
coldWall,9.449,,1168.9525137470541,1442.1025137470542,2044.3105382737267,2317.460538273727,1743.485267137397,2016.6352671373968,2077.799143418813,2350.949143418813,1,1,0.0002656651777215302,0.0002656651777215302,0.009448540396988392
coldWall,9.498999999999999,,1168.9161822466613,1442.0661822466614,2044.2647241390523,2317.4147241390524,1742.5771667380818,2015.727166738082,2077.599966501109,2350.749966501109,1,1,0.0002656651777215302,0.0002656651777215302,0.009498552419245243
coldWall,9.548999999999998,,1168.8575608798114,1442.0075608798115,2044.21902997994,2317.36902997994,1741.6940020050001,2014.844002005,2077.4007887821404,2350.5507887821404,1,1,0.0002656651777215302,0.0002656651777215302,0.009548564441502094
coldWall,9.599,,1168.7778279654358,1441.9278279654359,2044.1734252762503,2317.3234252762504,1740.833796742079,2013.9837967420788,2077.196962753985,2350.3469627539853,1,1,0.0002656651777215302,0.0002656651777215302,0.009598576463758945
coldWall,9.649,,1168.6780636292224,1441.8280636292222,2044.1279189722582,2317.2779189722582,1739.996516816634,2013.1465168166342,2076.989484257863,2350.139484257863,1,1,0.0002656651777215302,0.0002656651777215302,0.009648588486015797
coldWall,9.699,,1168.5596425765907,1441.7096425765908,2044.0825313250493,2317.2325313250494,1739.182235339133,2012.332235339133,2076.782004893173,2349.932004893173,1,1,0.0002656651777215302,0.0002656651777215302,0.009698600508272648
coldWall,9.748999999999999,,1168.4239395129616,1441.5739395129615,2044.0372652275519,2317.187265227552,1738.390536921364,2011.5405369213638,2076.574524659916,2349.724524659916,1,1,0.0002656651777215302,0.0002656651777215302,0.009748612530529499
coldWall,9.799,,1168.2722309505107,1441.4222309505105,2043.9921093654948,2317.142109365495,1737.620397447732,2010.770397447732,2076.3670435571817,2349.5170435571818,1,1,0.0002656651777215302,0.0002656651777215302,0.00979862455278635
coldWall,9.849,,1168.1054006284367,1441.2554006284367,2043.9470582131626,2317.0970582131627,1736.8711300973446,2010.0211300973447,2076.15956158588,2349.30956158588,1,1,0.0002656651777215302,0.0002656651777215302,0.009848636575043201
coldWall,9.899,,1167.9249214454044,1441.0749214454045,2043.9021301859216,2317.0521301859217,1736.142799492764,2009.2927994927638,2075.9520787451015,2349.1020787451016,1,1,0.0002656651777215302,0.0002656651777215302,0.009898648597300053
coldWall,9.949,,1167.732462686567,1440.8824626865671,2043.857320809815,2317.007320809815,1735.4349834050863,2008.5849834050862,2075.7445950357555,2348.8945950357556,1,1,0.0002656651777215302,0.0002656651777215302,0.009948660619556904
coldWall,9.998999999999999,,1167.528809897879,1440.678809897879,2042.1063367749043,2315.2563367749044,1734.7468066668475,2007.8968066668476,2075.5371104569326,2348.6871104569327,1,1,0.0002656651777215302,0.0002656651777215302,0.009998672641813755
